time_s,speed_kmh,speed_mps
0,0.0,0.00000000
1,0.0,0.00000000
2,0.0,0.00000000
3,0.0,0.00000000
4,0.0,0.00000000
5,0.0,0.00000000
6,0.0,0.00000000
7,0.0,0.00000000
8,0.0,0.00000000
9,0.0,0.00000000
10,0.0,0.00000000
11,0.0,0.00000000
12,0.2,0.05555556
13,1.7,0.47222222
14,5.4,1.50000000
15,9.9,2.75000000
16,13.1,3.63888889
17,16.9,4.69444444
18,21.7,6.02777778
19,26.0,7.22222222
20,27.5,7.63888889
21,28.1,7.80555556
22,28.3,7.86111111
23,28.8,8.00000000
24,29.1,8.08333333
25,30.8,8.55555556
26,31.9,8.86111111
27,34.1,9.47222222
28,36.6,10.16666667
29,39.1,10.86111111
30,41.3,11.47222222
31,42.5,11.80555556
32,43.3,12.02777778
33,43.9,12.19444444
34,44.4,12.33333333
35,44.5,12.36111111
36,44.2,12.27777778
37,42.7,11.86111111
38,39.9,11.08333333
39,37.0,10.27777778
40,34.6,9.61111111
41,32.3,8.97222222
42,29.0,8.05555556
43,25.1,6.97222222
44,22.2,6.16666667
45,20.9,5.80555556
46,20.4,5.66666667
47,19.5,5.41666667
48,18.4,5.11111111
49,17.8,4.94444444
50,17.8,4.94444444
51,17.4,4.83333333
52,15.7,4.36111111
53,13.1,3.63888889
54,12.1,3.36111111
55,12.0,3.33333333
56,12.0,3.33333333
57,12.0,3.33333333
58,12.3,3.41666667
59,12.6,3.50000000
60,14.7,4.08333333
61,15.3,4.25000000
62,15.9,4.41666667
63,16.2,4.50000000
64,17.1,4.75000000
65,17.8,4.94444444
66,18.1,5.02777778
67,18.4,5.11111111
68,20.3,5.63888889
69,23.2,6.44444444
70,26.5,7.36111111
71,29.8,8.27777778
72,32.6,9.05555556
73,34.4,9.55555556
74,35.5,9.86111111
75,36.4,10.11111111
76,37.4,10.38888889
77,38.5,10.69444444
78,39.3,10.91666667
79,39.5,10.97222222
80,39.0,10.83333333
81,38.5,10.69444444
82,37.3,10.36111111
83,37.0,10.27777778
84,36.7,10.19444444
85,35.9,9.97222222
86,35.3,9.80555556
87,34.6,9.61111111
88,34.2,9.50000000
89,31.9,8.86111111
90,27.3,7.58333333
91,22.0,6.11111111
92,17.0,4.72222222
93,14.2,3.94444444
94,12.0,3.33333333
95,9.1,2.52777778
96,5.8,1.61111111
97,3.6,1.00000000
98,2.2,0.61111111
99,0.0,0.00000000
100,0.0,0.00000000
101,0.0,0.00000000
102,0.0,0.00000000
103,0.0,0.00000000
104,0.0,0.00000000
105,0.0,0.00000000
106,0.0,0.00000000
107,0.0,0.00000000
108,0.0,0.00000000
109,0.0,0.00000000
110,0.0,0.00000000
111,0.0,0.00000000
112,0.0,0.00000000
113,0.0,0.00000000
114,0.0,0.00000000
115,0.0,0.00000000
116,0.0,0.00000000
117,0.0,0.00000000
118,0.0,0.00000000
119,0.0,0.00000000
120,0.0,0.00000000
121,0.0,0.00000000
122,0.0,0.00000000
123,0.0,0.00000000
124,0.0,0.00000000
125,0.0,0.00000000
126,0.0,0.00000000
127,0.0,0.00000000
128,0.0,0.00000000
129,0.0,0.00000000
130,0.0,0.00000000
131,0.0,0.00000000
132,0.0,0.00000000
133,0.0,0.00000000
134,0.0,0.00000000
135,0.0,0.00000000
136,0.0,0.00000000
137,0.0,0.00000000
138,0.2,0.05555556
139,1.9,0.52777778
140,6.1,1.69444444
141,11.7,3.25000000
142,16.4,4.55555556
143,18.9,5.25000000
144,19.9,5.52777778
145,20.8,5.77777778
146,22.8,6.33333333
147,25.4,7.05555556
148,27.7,7.69444444
149,29.2,8.11111111
150,29.8,8.27777778
151,29.4,8.16666667
152,27.2,7.55555556
153,22.6,6.27777778
154,17.3,4.80555556
155,13.3,3.69444444
156,12.0,3.33333333
157,12.6,3.50000000
158,14.1,3.91666667
159,17.2,4.77777778
160,20.1,5.58333333
161,23.4,6.50000000
162,25.5,7.08333333
163,27.6,7.66666667
164,29.5,8.19444444
165,31.1,8.63888889
166,32.1,8.91666667
167,33.2,9.22222222
168,35.2,9.77777778
169,37.2,10.33333333
170,38.0,10.55555556
171,37.4,10.38888889
172,35.1,9.75000000
173,31.0,8.61111111
174,27.1,7.52777778
175,25.3,7.02777778
176,25.1,6.97222222
177,25.9,7.19444444
178,27.8,7.72222222
179,29.2,8.11111111
180,29.6,8.22222222
181,29.5,8.19444444
182,29.2,8.11111111
183,28.3,7.86111111
184,26.1,7.25000000
185,23.6,6.55555556
186,21.0,5.83333333
187,18.9,5.25000000
188,17.1,4.75000000
189,15.7,4.36111111
190,14.5,4.02777778
191,13.7,3.80555556
192,12.9,3.58333333
193,12.5,3.47222222
194,12.2,3.38888889
195,12.0,3.33333333
196,12.0,3.33333333
197,12.0,3.33333333
198,12.0,3.33333333
199,12.5,3.47222222
200,13.0,3.61111111
201,14.0,3.88888889
202,15.0,4.16666667
203,16.5,4.58333333
204,19.0,5.27777778
205,21.2,5.88888889
206,23.8,6.61111111
207,26.9,7.47222222
208,29.6,8.22222222
209,32.0,8.88888889
210,35.2,9.77777778
211,37.5,10.41666667
212,39.2,10.88888889
213,40.5,11.25000000
214,41.6,11.55555556
215,43.1,11.97222222
216,45.0,12.50000000
217,47.1,13.08333333
218,49.0,13.61111111
219,50.6,14.05555556
220,51.8,14.38888889
221,52.7,14.63888889
222,53.1,14.75000000
223,53.5,14.86111111
224,53.8,14.94444444
225,54.2,15.05555556
226,54.8,15.22222222
227,55.3,15.36111111
228,55.8,15.50000000
229,56.2,15.61111111
230,56.5,15.69444444
231,56.5,15.69444444
232,56.2,15.61111111
233,54.9,15.25000000
234,52.9,14.69444444
235,51.0,14.16666667
236,49.8,13.83333333
237,49.2,13.66666667
238,48.4,13.44444444
239,46.9,13.02777778
240,44.3,12.30555556
241,41.5,11.52777778
242,39.5,10.97222222
243,37.0,10.27777778
244,34.6,9.61111111
245,32.3,8.97222222
246,29.0,8.05555556
247,25.1,6.97222222
248,22.2,6.16666667
249,20.9,5.80555556
250,20.4,5.66666667
251,19.5,5.41666667
252,18.4,5.11111111
253,17.8,4.94444444
254,17.8,4.94444444
255,17.4,4.83333333
256,15.7,4.36111111
257,14.5,4.02777778
258,15.4,4.27777778
259,17.9,4.97222222
260,20.6,5.72222222
261,23.2,6.44444444
262,25.7,7.13888889
263,28.7,7.97222222
264,32.5,9.02777778
265,36.1,10.02777778
266,39.0,10.83333333
267,40.8,11.33333333
268,42.9,11.91666667
269,44.4,12.33333333
270,45.9,12.75000000
271,46.0,12.77777778
272,45.6,12.66666667
273,45.3,12.58333333
274,43.7,12.13888889
275,40.8,11.33333333
276,38.0,10.55555556
277,34.4,9.55555556
278,30.9,8.58333333
279,25.5,7.08333333
280,21.4,5.94444444
281,20.2,5.61111111
282,22.9,6.36111111
283,26.6,7.38888889
284,30.2,8.38888889
285,34.1,9.47222222
286,37.4,10.38888889
287,40.7,11.30555556
288,44.0,12.22222222
289,47.3,13.13888889
290,49.2,13.66666667
291,49.8,13.83333333
292,49.2,13.66666667
293,48.1,13.36111111
294,47.3,13.13888889
295,46.8,13.00000000
296,46.7,12.97222222
297,46.8,13.00000000
298,47.1,13.08333333
299,47.3,13.13888889
300,47.3,13.13888889
301,47.1,13.08333333
302,46.6,12.94444444
303,45.8,12.72222222
304,44.8,12.44444444
305,43.3,12.02777778
306,41.8,11.61111111
307,40.8,11.33333333
308,40.3,11.19444444
309,40.1,11.13888889
310,39.7,11.02777778
311,39.2,10.88888889
312,38.5,10.69444444
313,37.4,10.38888889
314,36.0,10.00000000
315,34.4,9.55555556
316,33.0,9.16666667
317,31.7,8.80555556
318,30.0,8.33333333
319,28.0,7.77777778
320,26.1,7.25000000
321,25.6,7.11111111
322,24.9,6.91666667
323,24.9,6.91666667
324,24.3,6.75000000
325,23.9,6.63888889
326,23.9,6.63888889
327,23.6,6.55555556
328,23.3,6.47222222
329,20.5,5.69444444
330,17.5,4.86111111
331,16.9,4.69444444
332,16.7,4.63888889
333,15.9,4.41666667
334,15.6,4.33333333
335,15.0,4.16666667
336,14.5,4.02777778
337,14.3,3.97222222
338,14.5,4.02777778
339,15.4,4.27777778
340,17.8,4.94444444
341,21.1,5.86111111
342,24.1,6.69444444
343,25.0,6.94444444
344,25.3,7.02777778
345,25.5,7.08333333
346,26.4,7.33333333
347,26.6,7.38888889
348,27.1,7.52777778
349,27.7,7.69444444
350,28.1,7.80555556
351,28.2,7.83333333
352,28.1,7.80555556
353,28.0,7.77777778
354,27.9,7.75000000
355,27.9,7.75000000
356,28.1,7.80555556
357,28.2,7.83333333
358,28.0,7.77777778
359,26.9,7.47222222
360,25.0,6.94444444
361,23.2,6.44444444
362,21.9,6.08333333
363,21.1,5.86111111
364,20.7,5.75000000
365,20.7,5.75000000
366,20.8,5.77777778
367,21.2,5.88888889
368,22.1,6.13888889
369,23.5,6.52777778
370,24.3,6.75000000
371,24.5,6.80555556
372,23.8,6.61111111
373,21.3,5.91666667
374,17.7,4.91666667
375,14.4,4.00000000
376,11.9,3.30555556
377,10.2,2.83333333
378,8.9,2.47222222
379,8.0,2.22222222
380,7.2,2.00000000
381,6.1,1.69444444
382,4.9,1.36111111
383,3.7,1.02777778
384,2.3,0.63888889
385,0.9,0.25000000
386,0.0,0.00000000
387,0.0,0.00000000
388,0.0,0.00000000
389,0.0,0.00000000
390,0.0,0.00000000
391,0.0,0.00000000
392,0.5,0.13888889
393,2.1,0.58333333
394,4.8,1.33333333
395,8.3,2.30555556
396,12.3,3.41666667
397,16.6,4.61111111
398,20.9,5.80555556
399,24.2,6.72222222
400,25.6,7.11111111
401,25.6,7.11111111
402,24.9,6.91666667
403,23.3,6.47222222
404,21.6,6.00000000
405,20.2,5.61111111
406,18.7,5.19444444
407,17.0,4.72222222
408,15.3,4.25000000
409,14.2,3.94444444
410,13.9,3.86111111
411,14.0,3.88888889
412,14.2,3.94444444
413,14.5,4.02777778
414,14.9,4.13888889
415,15.9,4.41666667
416,17.4,4.83333333
417,18.7,5.19444444
418,19.1,5.30555556
419,18.8,5.22222222
420,17.6,4.88888889
421,16.6,4.61111111
422,16.2,4.50000000
423,16.4,4.55555556
424,17.2,4.77777778
425,19.1,5.30555556
426,22.6,6.27777778
427,27.4,7.61111111
428,31.6,8.77777778
429,33.4,9.27777778
430,33.5,9.30555556
431,32.8,9.11111111
432,31.9,8.86111111
433,31.3,8.69444444
434,31.1,8.63888889
435,30.6,8.50000000
436,29.2,8.11111111
437,26.7,7.41666667
438,23.0,6.38888889
439,18.2,5.05555556
440,12.9,3.58333333
441,7.7,2.13888889
442,3.8,1.05555556
443,1.3,0.36111111
444,0.2,0.05555556
445,0.0,0.00000000
446,0.0,0.00000000
447,0.0,0.00000000
448,0.0,0.00000000
449,0.0,0.00000000
450,0.0,0.00000000
451,0.0,0.00000000
452,0.0,0.00000000
453,0.0,0.00000000
454,0.0,0.00000000
455,0.0,0.00000000
456,0.0,0.00000000
457,0.0,0.00000000
458,0.0,0.00000000
459,0.0,0.00000000
460,0.0,0.00000000
461,0.0,0.00000000
462,0.0,0.00000000
463,0.0,0.00000000
464,0.0,0.00000000
465,0.0,0.00000000
466,0.0,0.00000000
467,0.0,0.00000000
468,0.0,0.00000000
469,0.0,0.00000000
470,0.0,0.00000000
471,0.0,0.00000000
472,0.0,0.00000000
473,0.0,0.00000000
474,0.0,0.00000000
475,0.0,0.00000000
476,0.0,0.00000000
477,0.0,0.00000000
478,0.0,0.00000000
479,0.0,0.00000000
480,0.0,0.00000000
481,0.0,0.00000000
482,0.0,0.00000000
483,0.0,0.00000000
484,0.0,0.00000000
485,0.0,0.00000000
486,0.0,0.00000000
487,0.0,0.00000000
488,0.0,0.00000000
489,0.0,0.00000000
490,0.0,0.00000000
491,0.0,0.00000000
492,0.0,0.00000000
493,0.0,0.00000000
494,0.0,0.00000000
495,0.0,0.00000000
496,0.0,0.00000000
497,0.0,0.00000000
498,0.0,0.00000000
499,0.0,0.00000000
500,0.0,0.00000000
501,0.0,0.00000000
502,0.0,0.00000000
503,0.0,0.00000000
504,0.0,0.00000000
505,0.0,0.00000000
506,0.0,0.00000000
507,0.0,0.00000000
508,0.0,0.00000000
509,0.0,0.00000000
510,0.0,0.00000000
511,0.0,0.00000000
512,0.5,0.13888889
513,2.5,0.69444444
514,6.6,1.83333333
515,11.8,3.27777778
516,16.8,4.66666667
517,20.5,5.69444444
518,21.9,6.08333333
519,21.9,6.08333333
520,21.3,5.91666667
521,20.3,5.63888889
522,19.2,5.33333333
523,17.8,4.94444444
524,15.5,4.30555556
525,11.9,3.30555556
526,7.6,2.11111111
527,4.0,1.11111111
528,2.0,0.55555556
529,1.0,0.27777778
530,0.0,0.00000000
531,0.0,0.00000000
532,0.0,0.00000000
533,0.2,0.05555556
534,1.2,0.33333333
535,3.2,0.88888889
536,5.2,1.44444444
537,8.2,2.27777778
538,13.0,3.61111111
539,18.8,5.22222222
540,23.1,6.41666667
541,24.5,6.80555556
542,24.5,6.80555556
543,24.3,6.75000000
544,23.6,6.55555556
545,22.3,6.19444444
546,20.1,5.58333333
547,18.5,5.13888889
548,17.2,4.77777778
549,16.3,4.52777778
550,15.4,4.27777778
551,14.7,4.08333333
552,14.3,3.97222222
553,13.7,3.80555556
554,13.3,3.69444444
555,13.1,3.63888889
556,13.1,3.63888889
557,13.3,3.69444444
558,13.8,3.83333333
559,14.5,4.02777778
560,16.5,4.58333333
561,17.0,4.72222222
562,17.0,4.72222222
563,17.0,4.72222222
564,15.4,4.27777778
565,10.1,2.80555556
566,4.8,1.33333333
567,0.0,0.00000000
568,0.0,0.00000000
569,0.0,0.00000000
570,0.0,0.00000000
571,0.0,0.00000000
572,0.0,0.00000000
573,0.0,0.00000000
574,0.0,0.00000000
575,0.0,0.00000000
576,0.0,0.00000000
577,0.0,0.00000000
578,0.0,0.00000000
579,0.0,0.00000000
580,0.0,0.00000000
581,0.0,0.00000000
582,0.0,0.00000000
583,0.0,0.00000000
584,0.0,0.00000000
585,0.0,0.00000000
586,0.0,0.00000000
587,0.0,0.00000000
588,0.0,0.00000000
589,0.0,0.00000000
590,0.0,0.00000000
591,0.0,0.00000000
592,0.0,0.00000000
593,0.0,0.00000000
594,0.0,0.00000000
595,0.0,0.00000000
596,0.0,0.00000000
597,0.0,0.00000000
598,0.0,0.00000000
599,0.0,0.00000000
600,0.0,0.00000000
601,1.0,0.27777778
602,2.1,0.58333333
603,4.8,1.33333333
604,9.1,2.52777778
605,14.2,3.94444444
606,19.8,5.50000000
607,25.5,7.08333333
608,30.5,8.47222222
609,34.8,9.66666667
610,38.8,10.77777778
611,42.9,11.91666667
612,46.4,12.88888889
613,48.3,13.41666667
614,48.7,13.52777778
615,48.5,13.47222222
616,48.4,13.44444444
617,48.2,13.38888889
618,47.8,13.27777778
619,47.0,13.05555556
620,45.9,12.75000000
621,44.9,12.47222222
622,44.4,12.33333333
623,44.3,12.30555556
624,44.5,12.36111111
625,45.1,12.52777778
626,45.7,12.69444444
627,46.0,12.77777778
628,46.0,12.77777778
629,46.0,12.77777778
630,46.1,12.80555556
631,46.7,12.97222222
632,47.7,13.25000000
633,48.9,13.58333333
634,50.3,13.97222222
635,51.6,14.33333333
636,52.6,14.61111111
637,53.0,14.72222222
638,53.0,14.72222222
639,52.9,14.69444444
640,52.7,14.63888889
641,52.6,14.61111111
642,53.1,14.75000000
643,54.3,15.08333333
644,55.2,15.33333333
645,55.5,15.41666667
646,55.9,15.52777778
647,56.3,15.63888889
648,56.7,15.75000000
649,56.9,15.80555556
650,56.8,15.77777778
651,56.0,15.55555556
652,54.2,15.05555556
653,52.1,14.47222222
654,50.1,13.91666667
655,47.2,13.11111111
656,43.2,12.00000000
657,39.2,10.88888889
658,36.5,10.13888889
659,34.3,9.52777778
660,31.0,8.61111111
661,26.0,7.22222222
662,20.7,5.75000000
663,15.4,4.27777778
664,13.1,3.63888889
665,12.0,3.33333333
666,12.5,3.47222222
667,14.0,3.88888889
668,19.0,5.27777778
669,23.2,6.44444444
670,28.0,7.77777778
671,32.0,8.88888889
672,34.0,9.44444444
673,36.0,10.00000000
674,38.0,10.55555556
675,40.0,11.11111111
676,40.3,11.19444444
677,40.5,11.25000000
678,39.0,10.83333333
679,35.7,9.91666667
680,31.8,8.83333333
681,27.1,7.52777778
682,22.8,6.33333333
683,21.1,5.86111111
684,18.9,5.25000000
685,18.9,5.25000000
686,21.3,5.91666667
687,23.9,6.63888889
688,25.9,7.19444444
689,28.4,7.88888889
690,30.3,8.41666667
691,30.9,8.58333333
692,31.1,8.63888889
693,31.8,8.83333333
694,32.7,9.08333333
695,33.2,9.22222222
696,32.4,9.00000000
697,28.3,7.86111111
698,25.8,7.16666667
699,23.1,6.41666667
700,21.8,6.05555556
701,21.2,5.88888889
702,21.0,5.83333333
703,21.0,5.83333333
704,20.9,5.80555556
705,19.9,5.52777778
706,17.9,4.97222222
707,15.1,4.19444444
708,12.8,3.55555556
709,12.0,3.33333333
710,13.2,3.66666667
711,17.1,4.75000000
712,21.1,5.86111111
713,21.8,6.05555556
714,21.2,5.88888889
715,18.5,5.13888889
716,13.9,3.86111111
717,12.0,3.33333333
718,12.0,3.33333333
719,13.0,3.61111111
720,16.0,4.44444444
721,18.5,5.13888889
722,20.6,5.72222222
723,22.5,6.25000000
724,24.0,6.66666667
725,26.6,7.38888889
726,29.9,8.30555556
727,34.8,9.66666667
728,37.8,10.50000000
729,40.2,11.16666667
730,41.6,11.55555556
731,41.9,11.63888889
732,42.0,11.66666667
733,42.2,11.72222222
734,42.4,11.77777778
735,42.7,11.86111111
736,43.1,11.97222222
737,43.7,12.13888889
738,44.0,12.22222222
739,44.1,12.25000000
740,45.3,12.58333333
741,46.4,12.88888889
742,47.2,13.11111111
743,47.3,13.13888889
744,47.4,13.16666667
745,47.4,13.16666667
746,47.5,13.19444444
747,47.9,13.30555556
748,48.6,13.50000000
749,49.4,13.72222222
750,49.8,13.83333333
751,49.8,13.83333333
752,49.7,13.80555556
753,49.3,13.69444444
754,48.5,13.47222222
755,47.6,13.22222222
756,46.3,12.86111111
757,43.7,12.13888889
758,39.3,10.91666667
759,34.1,9.47222222
760,29.0,8.05555556
761,23.7,6.58333333
762,18.4,5.11111111
763,14.3,3.97222222
764,12.0,3.33333333
765,12.8,3.55555556
766,16.0,4.44444444
767,19.1,5.30555556
768,22.4,6.22222222
769,25.6,7.11111111
770,30.1,8.36111111
771,35.3,9.80555556
772,39.9,11.08333333
773,44.5,12.36111111
774,47.5,13.19444444
775,50.9,14.13888889
776,54.1,15.02777778
777,56.3,15.63888889
778,58.1,16.13888889
779,59.8,16.61111111
780,61.1,16.97222222
781,62.1,17.25000000
782,62.8,17.44444444
783,63.3,17.58333333
784,63.6,17.66666667
785,64.0,17.77777778
786,64.7,17.97222222
787,65.2,18.11111111
788,65.3,18.13888889
789,65.3,18.13888889
790,65.4,18.16666667
791,65.7,18.25000000
792,66.0,18.33333333
793,65.6,18.22222222
794,63.5,17.63888889
795,59.7,16.58333333
796,54.6,15.16666667
797,49.3,13.69444444
798,44.9,12.47222222
799,42.3,11.75000000
800,41.4,11.50000000
801,41.3,11.47222222
802,42.1,11.69444444
803,44.7,12.41666667
804,48.4,13.44444444
805,51.4,14.27777778
806,52.7,14.63888889
807,53.0,14.72222222
808,52.5,14.58333333
809,51.3,14.25000000
810,49.7,13.80555556
811,47.4,13.16666667
812,43.7,12.13888889
813,39.7,11.02777778
814,35.5,9.86111111
815,31.1,8.63888889
816,26.3,7.30555556
817,21.9,6.08333333
818,18.0,5.00000000
819,17.0,4.72222222
820,18.0,5.00000000
821,21.4,5.94444444
822,24.8,6.88888889
823,27.9,7.75000000
824,30.8,8.55555556
825,33.0,9.16666667
826,35.1,9.75000000
827,37.1,10.30555556
828,38.9,10.80555556
829,41.4,11.50000000
830,44.0,12.22222222
831,46.3,12.86111111
832,47.7,13.25000000
833,48.2,13.38888889
834,48.7,13.52777778
835,49.3,13.69444444
836,49.8,13.83333333
837,50.2,13.94444444
838,50.9,14.13888889
839,51.8,14.38888889
840,52.5,14.58333333
841,53.3,14.80555556
842,54.5,15.13888889
843,55.7,15.47222222
844,56.5,15.69444444
845,56.8,15.77777778
846,57.0,15.83333333
847,57.2,15.88888889
848,57.7,16.02777778
849,58.7,16.30555556
850,60.1,16.69444444
851,61.1,16.97222222
852,61.7,17.13888889
853,62.3,17.30555556
854,62.9,17.47222222
855,63.3,17.58333333
856,63.4,17.61111111
857,63.5,17.63888889
858,64.5,17.91666667
859,65.8,18.27777778
860,66.8,18.55555556
861,67.4,18.72222222
862,68.8,19.11111111
863,71.1,19.75000000
864,72.3,20.08333333
865,72.8,20.22222222
866,73.4,20.38888889
867,74.6,20.72222222
868,76.0,21.11111111
869,76.6,21.27777778
870,76.5,21.25000000
871,76.2,21.16666667
872,75.8,21.05555556
873,75.4,20.94444444
874,74.8,20.77777778
875,73.9,20.52777778
876,72.7,20.19444444
877,71.3,19.80555556
878,70.4,19.55555556
879,70.0,19.44444444
880,70.0,19.44444444
881,69.0,19.16666667
882,68.0,18.88888889
883,68.0,18.88888889
884,68.0,18.88888889
885,68.1,18.91666667
886,68.4,19.00000000
887,68.6,19.05555556
888,68.7,19.08333333
889,68.5,19.02777778
890,68.1,18.91666667
891,67.3,18.69444444
892,66.2,18.38888889
893,64.8,18.00000000
894,63.6,17.66666667
895,62.6,17.38888889
896,62.1,17.25000000
897,61.9,17.19444444
898,61.9,17.19444444
899,61.8,17.16666667
900,61.5,17.08333333
901,60.9,16.91666667
902,59.7,16.58333333
903,54.6,15.16666667
904,49.3,13.69444444
905,44.9,12.47222222
906,42.3,11.75000000
907,41.4,11.50000000
908,41.3,11.47222222
909,42.1,11.69444444
910,44.7,12.41666667
911,48.4,13.44444444
912,51.4,14.27777778
913,52.7,14.63888889
914,54.0,15.00000000
915,57.0,15.83333333
916,58.1,16.13888889
917,59.2,16.44444444
918,59.0,16.38888889
919,59.1,16.41666667
920,59.5,16.52777778
921,60.5,16.80555556
922,62.3,17.30555556
923,63.9,17.75000000
924,65.1,18.08333333
925,64.1,17.80555556
926,62.7,17.41666667
927,62.0,17.22222222
928,61.3,17.02777778
929,60.9,16.91666667
930,60.5,16.80555556
931,60.2,16.72222222
932,59.8,16.61111111
933,59.4,16.50000000
934,58.6,16.27777778
935,57.5,15.97222222
936,56.6,15.72222222
937,56.0,15.55555556
938,55.5,15.41666667
939,55.0,15.27777778
940,54.4,15.11111111
941,54.1,15.02777778
942,54.0,15.00000000
943,53.9,14.97222222
944,53.9,14.97222222
945,54.0,15.00000000
946,54.2,15.05555556
947,55.0,15.27777778
948,55.8,15.50000000
949,56.2,15.61111111
950,56.1,15.58333333
951,55.1,15.30555556
952,52.7,14.63888889
953,48.4,13.44444444
954,43.1,11.97222222
955,37.8,10.50000000
956,32.5,9.02777778
957,27.2,7.55555556
958,25.1,6.97222222
959,26.0,7.22222222
960,29.3,8.13888889
961,34.6,9.61111111
962,40.4,11.22222222
963,45.3,12.58333333
964,49.0,13.61111111
965,51.1,14.19444444
966,52.1,14.47222222
967,52.2,14.50000000
968,52.1,14.47222222
969,51.7,14.36111111
970,50.9,14.13888889
971,49.2,13.66666667
972,45.9,12.75000000
973,40.6,11.27777778
974,35.3,9.80555556
975,30.0,8.33333333
976,24.7,6.86111111
977,19.3,5.36111111
978,16.0,4.44444444
979,13.2,3.66666667
980,10.7,2.97222222
981,8.8,2.44444444
982,7.2,2.00000000
983,5.5,1.52777778
984,3.2,0.88888889
985,1.1,0.30555556
986,0.0,0.00000000
987,0.0,0.00000000
988,0.0,0.00000000
989,0.0,0.00000000
990,0.0,0.00000000
991,0.0,0.00000000
992,0.0,0.00000000
993,0.0,0.00000000
994,0.0,0.00000000
995,0.0,0.00000000
996,0.0,0.00000000
997,0.0,0.00000000
998,0.0,0.00000000
999,0.0,0.00000000
1000,0.0,0.00000000
1001,0.0,0.00000000
1002,0.0,0.00000000
1003,0.0,0.00000000
1004,0.0,0.00000000
1005,0.0,0.00000000
1006,0.0,0.00000000
1007,0.0,0.00000000
1008,0.0,0.00000000
1009,0.0,0.00000000
1010,0.0,0.00000000
1011,0.0,0.00000000
1012,0.0,0.00000000
1013,0.0,0.00000000
1014,0.0,0.00000000
1015,0.0,0.00000000
1016,0.0,0.00000000
1017,0.0,0.00000000
1018,0.0,0.00000000
1019,0.0,0.00000000
1020,0.0,0.00000000
1021,0.0,0.00000000
1022,0.0,0.00000000
1023,0.0,0.00000000
1024,0.0,0.00000000
1025,0.0,0.00000000
1026,0.0,0.00000000
1027,0.8,0.22222222
1028,3.6,1.00000000
1029,8.6,2.38888889
1030,14.6,4.05555556
1031,20.0,5.55555556
1032,24.4,6.77777778
1033,28.2,7.83333333
1034,31.7,8.80555556
1035,35.0,9.72222222
1036,37.6,10.44444444
1037,39.7,11.02777778
1038,41.5,11.52777778
1039,43.6,12.11111111
1040,46.0,12.77777778
1041,48.4,13.44444444
1042,50.5,14.02777778
1043,51.9,14.41666667
1044,52.6,14.61111111
1045,52.8,14.66666667
1046,52.9,14.69444444
1047,53.1,14.75000000
1048,53.3,14.80555556
1049,53.1,14.75000000
1050,52.3,14.52777778
1051,50.7,14.08333333
1052,48.8,13.55555556
1053,46.5,12.91666667
1054,43.8,12.16666667
1055,40.3,11.19444444
1056,36.0,10.00000000
1057,30.7,8.52777778
1058,25.4,7.05555556
1059,21.0,5.83333333
1060,16.7,4.63888889
1061,13.4,3.72222222
1062,12.0,3.33333333
1063,12.1,3.36111111
1064,12.8,3.55555556
1065,15.6,4.33333333
1066,19.9,5.52777778
1067,23.4,6.50000000
1068,24.6,6.83333333
1069,25.2,7.00000000
1070,26.4,7.33333333
1071,28.8,8.00000000
1072,31.8,8.83333333
1073,35.3,9.80555556
1074,39.5,10.97222222
1075,44.5,12.36111111
1076,49.3,13.69444444
1077,53.3,14.80555556
1078,56.4,15.66666667
1079,58.9,16.36111111
1080,61.2,17.00000000
1081,62.6,17.38888889
1082,63.0,17.50000000
1083,62.5,17.36111111
1084,60.9,16.91666667
1085,59.3,16.47222222
1086,58.6,16.27777778
1087,58.6,16.27777778
1088,58.7,16.30555556
1089,58.8,16.33333333
1090,58.8,16.33333333
1091,58.8,16.33333333
1092,59.1,16.41666667
1093,60.1,16.69444444
1094,61.7,17.13888889
1095,63.0,17.50000000
1096,63.7,17.69444444
1097,63.9,17.75000000
1098,63.5,17.63888889
1099,62.3,17.30555556
1100,60.3,16.75000000
1101,58.9,16.36111111
1102,58.4,16.22222222
1103,58.8,16.33333333
1104,60.2,16.72222222
1105,62.3,17.30555556
1106,63.9,17.75000000
1107,64.5,17.91666667
1108,64.4,17.88888889
1109,63.5,17.63888889
1110,62.0,17.22222222
1111,61.2,17.00000000
1112,61.3,17.02777778
1113,62.6,17.38888889
1114,65.3,18.13888889
1115,68.0,18.88888889
1116,69.4,19.27777778
1117,69.7,19.36111111
1118,69.3,19.25000000
1119,68.1,18.91666667
1120,66.9,18.58333333
1121,66.2,18.38888889
1122,65.7,18.25000000
1123,64.9,18.02777778
1124,63.2,17.55555556
1125,60.3,16.75000000
1126,55.8,15.50000000
1127,50.5,14.02777778
1128,45.2,12.55555556
1129,40.1,11.13888889
1130,36.2,10.05555556
1131,32.9,9.13888889
1132,29.8,8.27777778
1133,26.6,7.38888889
1134,23.0,6.38888889
1135,19.4,5.38888889
1136,16.3,4.52777778
1137,14.6,4.05555556
1138,14.2,3.94444444
1139,14.3,3.97222222
1140,14.6,4.05555556
1141,15.1,4.19444444
1142,16.4,4.55555556
1143,19.1,5.30555556
1144,22.5,6.25000000
1145,24.4,6.77777778
1146,24.8,6.88888889
1147,22.7,6.30555556
1148,17.4,4.83333333
1149,13.8,3.83333333
1150,12.0,3.33333333
1151,12.0,3.33333333
1152,12.0,3.33333333
1153,13.9,3.86111111
1154,17.7,4.91666667
1155,22.8,6.33333333
1156,27.3,7.58333333
1157,31.2,8.66666667
1158,35.2,9.77777778
1159,39.4,10.94444444
1160,42.5,11.80555556
1161,45.4,12.61111111
1162,48.2,13.38888889
1163,50.3,13.97222222
1164,52.6,14.61111111
1165,54.5,15.13888889
1166,56.6,15.72222222
1167,58.3,16.19444444
1168,60.0,16.66666667
1169,61.5,17.08333333
1170,63.1,17.52777778
1171,64.3,17.86111111
1172,65.7,18.25000000
1173,67.1,18.63888889
1174,68.3,18.97222222
1175,69.7,19.36111111
1176,70.6,19.61111111
1177,71.6,19.88888889
1178,72.6,20.16666667
1179,73.5,20.41666667
1180,74.2,20.61111111
1181,74.9,20.80555556
1182,75.6,21.00000000
1183,76.3,21.19444444
1184,77.1,21.41666667
1185,77.9,21.63888889
1186,78.5,21.80555556
1187,79.0,21.94444444
1188,79.7,22.13888889
1189,80.3,22.30555556
1190,81.0,22.50000000
1191,81.6,22.66666667
1192,82.4,22.88888889
1193,82.9,23.02777778
1194,83.4,23.16666667
1195,83.8,23.27777778
1196,84.2,23.38888889
1197,84.7,23.52777778
1198,85.2,23.66666667
1199,85.6,23.77777778
1200,86.3,23.97222222
1201,86.8,24.11111111
1202,87.4,24.27777778
1203,88.0,24.44444444
1204,88.3,24.52777778
1205,88.7,24.63888889
1206,89.0,24.72222222
1207,89.3,24.80555556
1208,89.8,24.94444444
1209,90.2,25.05555556
1210,90.6,25.16666667
1211,91.0,25.27777778
1212,91.3,25.36111111
1213,91.6,25.44444444
1214,91.9,25.52777778
1215,92.2,25.61111111
1216,92.8,25.77777778
1217,93.1,25.86111111
1218,93.3,25.91666667
1219,93.5,25.97222222
1220,93.7,26.02777778
1221,93.9,26.08333333
1222,94.0,26.11111111
1223,94.1,26.13888889
1224,94.3,26.19444444
1225,94.4,26.22222222
1226,94.6,26.27777778
1227,94.7,26.30555556
1228,94.8,26.33333333
1229,95.0,26.38888889
1230,95.1,26.41666667
1231,95.3,26.47222222
1232,95.4,26.50000000
1233,95.6,26.55555556
1234,95.7,26.58333333
1235,95.8,26.61111111
1236,96.0,26.66666667
1237,96.1,26.69444444
1238,96.3,26.75000000
1239,96.4,26.77777778
1240,96.6,26.83333333
1241,96.8,26.88888889
1242,97.0,26.94444444
1243,97.2,27.00000000
1244,97.3,27.02777778
1245,97.4,27.05555556
1246,97.4,27.05555556
1247,97.4,27.05555556
1248,97.4,27.05555556
1249,97.3,27.02777778
1250,97.3,27.02777778
1251,97.3,27.02777778
1252,97.3,27.02777778
1253,97.2,27.00000000
1254,97.1,26.97222222
1255,97.0,26.94444444
1256,96.9,26.91666667
1257,96.7,26.86111111
1258,96.4,26.77777778
1259,96.1,26.69444444
1260,95.7,26.58333333
1261,95.5,26.52777778
1262,95.3,26.47222222
1263,95.2,26.44444444
1264,95.0,26.38888889
1265,94.9,26.36111111
1266,94.7,26.30555556
1267,94.5,26.25000000
1268,94.4,26.22222222
1269,94.4,26.22222222
1270,94.3,26.19444444
1271,94.3,26.19444444
1272,94.1,26.13888889
1273,93.9,26.08333333
1274,93.4,25.94444444
1275,92.8,25.77777778
1276,92.0,25.55555556
1277,91.3,25.36111111
1278,90.6,25.16666667
1279,90.0,25.00000000
1280,89.3,24.80555556
1281,88.7,24.63888889
1282,88.1,24.47222222
1283,87.4,24.27777778
1284,86.7,24.08333333
1285,86.0,23.88888889
1286,85.3,23.69444444
1287,84.7,23.52777778
1288,84.1,23.36111111
1289,83.5,23.19444444
1290,82.9,23.02777778
1291,82.3,22.86111111
1292,81.7,22.69444444
1293,81.1,22.52777778
1294,80.5,22.36111111
1295,79.9,22.19444444
1296,79.4,22.05555556
1297,79.1,21.97222222
1298,78.8,21.88888889
1299,78.5,21.80555556
1300,78.2,21.72222222
1301,77.9,21.63888889
1302,77.6,21.55555556
1303,77.3,21.47222222
1304,77.0,21.38888889
1305,76.7,21.30555556
1306,76.0,21.11111111
1307,76.0,21.11111111
1308,76.0,21.11111111
1309,75.9,21.08333333
1310,75.9,21.08333333
1311,75.8,21.05555556
1312,75.7,21.02777778
1313,75.5,20.97222222
1314,75.2,20.88888889
1315,75.0,20.83333333
1316,74.7,20.75000000
1317,74.1,20.58333333
1318,73.7,20.47222222
1319,73.3,20.36111111
1320,73.5,20.41666667
1321,74.0,20.55555556
1322,74.9,20.80555556
1323,76.1,21.13888889
1324,77.7,21.58333333
1325,79.2,22.00000000
1326,80.3,22.30555556
1327,80.8,22.44444444
1328,81.0,22.50000000
1329,81.0,22.50000000
1330,81.0,22.50000000
1331,81.0,22.50000000
1332,81.0,22.50000000
1333,80.9,22.47222222
1334,80.6,22.38888889
1335,80.3,22.30555556
1336,80.0,22.22222222
1337,79.9,22.19444444
1338,79.8,22.16666667
1339,79.8,22.16666667
1340,79.8,22.16666667
1341,79.9,22.19444444
1342,80.0,22.22222222
1343,80.4,22.33333333
1344,80.8,22.44444444
1345,81.2,22.55555556
1346,81.5,22.63888889
1347,81.6,22.66666667
1348,81.6,22.66666667
1349,81.4,22.61111111
1350,80.7,22.41666667
1351,79.6,22.11111111
1352,78.2,21.72222222
1353,76.8,21.33333333
1354,75.3,20.91666667
1355,73.8,20.50000000
1356,72.1,20.02777778
1357,70.2,19.50000000
1358,68.2,18.94444444
1359,66.1,18.36111111
1360,63.8,17.72222222
1361,61.6,17.11111111
1362,60.2,16.72222222
1363,59.8,16.61111111
1364,60.4,16.77777778
1365,61.8,17.16666667
1366,62.6,17.38888889
1367,62.7,17.41666667
1368,61.9,17.19444444
1369,60.0,16.66666667
1370,58.4,16.22222222
1371,57.8,16.05555556
1372,57.8,16.05555556
1373,57.8,16.05555556
1374,57.3,15.91666667
1375,56.2,15.61111111
1376,54.3,15.08333333
1377,50.8,14.11111111
1378,45.5,12.63888889
1379,40.2,11.16666667
1380,34.9,9.69444444
1381,29.6,8.22222222
1382,27.3,7.58333333
1383,29.3,8.13888889
1384,32.9,9.13888889
1385,35.6,9.88888889
1386,36.7,10.19444444
1387,37.6,10.44444444
1388,39.4,10.94444444
1389,42.5,11.80555556
1390,46.5,12.91666667
1391,50.2,13.94444444
1392,52.8,14.66666667
1393,54.3,15.08333333
1394,54.9,15.25000000
1395,54.9,15.25000000
1396,54.7,15.19444444
1397,54.1,15.02777778
1398,53.2,14.77777778
1399,52.1,14.47222222
1400,50.7,14.08333333
1401,49.1,13.63888889
1402,47.4,13.16666667
1403,45.2,12.55555556
1404,41.8,11.61111111
1405,36.5,10.13888889
1406,31.2,8.66666667
1407,27.6,7.66666667
1408,26.9,7.47222222
1409,27.3,7.58333333
1410,27.5,7.63888889
1411,27.4,7.61111111
1412,27.1,7.52777778
1413,26.7,7.41666667
1414,26.8,7.44444444
1415,28.2,7.83333333
1416,31.1,8.63888889
1417,34.8,9.66666667
1418,38.4,10.66666667
1419,40.9,11.36111111
1420,41.7,11.58333333
1421,40.9,11.36111111
1422,38.3,10.63888889
1423,35.3,9.80555556
1424,34.3,9.52777778
1425,34.6,9.61111111
1426,36.3,10.08333333
1427,39.5,10.97222222
1428,41.8,11.61111111
1429,42.5,11.80555556
1430,41.9,11.63888889
1431,40.1,11.13888889
1432,36.6,10.16666667
1433,31.3,8.69444444
1434,26.0,7.22222222
1435,20.6,5.72222222
1436,19.1,5.30555556
1437,19.7,5.47222222
1438,21.1,5.86111111
1439,22.0,6.11111111
1440,22.1,6.13888889
1441,21.4,5.94444444
1442,19.6,5.44444444
1443,18.3,5.08333333
1444,18.0,5.00000000
1445,18.3,5.08333333
1446,18.5,5.13888889
1447,17.9,4.97222222
1448,15.0,4.16666667
1449,9.9,2.75000000
1450,4.6,1.27777778
1451,1.2,0.33333333
1452,0.0,0.00000000
1453,0.0,0.00000000
1454,0.0,0.00000000
1455,0.0,0.00000000
1456,0.0,0.00000000
1457,0.0,0.00000000
1458,0.0,0.00000000
1459,0.0,0.00000000
1460,0.0,0.00000000
1461,0.0,0.00000000
1462,0.0,0.00000000
1463,0.0,0.00000000
1464,0.0,0.00000000
1465,0.0,0.00000000
1466,0.0,0.00000000
1467,0.0,0.00000000
1468,0.0,0.00000000
1469,0.0,0.00000000
1470,0.0,0.00000000
1471,0.0,0.00000000
1472,0.0,0.00000000
1473,0.0,0.00000000
1474,0.0,0.00000000
1475,0.0,0.00000000
1476,0.0,0.00000000
1477,0.0,0.00000000
1478,0.0,0.00000000
1479,2.2,0.61111111
1480,4.4,1.22222222
1481,6.3,1.75000000
1482,7.9,2.19444444
1483,9.2,2.55555556
1484,10.4,2.88888889
1485,11.5,3.19444444
1486,12.9,3.58333333
1487,14.7,4.08333333
1488,17.0,4.72222222
1489,19.8,5.50000000
1490,23.1,6.41666667
1491,26.7,7.41666667
1492,30.5,8.47222222
1493,34.1,9.47222222
1494,37.5,10.41666667
1495,40.6,11.27777778
1496,43.3,12.02777778
1497,45.7,12.69444444
1498,47.7,13.25000000
1499,49.3,13.69444444
1500,50.5,14.02777778
1501,51.3,14.25000000
1502,52.1,14.47222222
1503,52.7,14.63888889
1504,53.4,14.83333333
1505,54.0,15.00000000
1506,54.5,15.13888889
1507,55.0,15.27777778
1508,55.6,15.44444444
1509,56.3,15.63888889
1510,57.2,15.88888889
1511,58.5,16.25000000
1512,60.2,16.72222222
1513,62.3,17.30555556
1514,64.7,17.97222222
1515,67.1,18.63888889
1516,69.2,19.22222222
1517,70.7,19.63888889
1518,71.9,19.97222222
1519,72.7,20.19444444
1520,73.4,20.38888889
1521,73.8,20.50000000
1522,74.1,20.58333333
1523,74.0,20.55555556
1524,73.6,20.44444444
1525,72.5,20.13888889
1526,70.8,19.66666667
1527,68.6,19.05555556
1528,66.2,18.38888889
1529,64.0,17.77777778
1530,62.2,17.27777778
1531,60.9,16.91666667
1532,60.2,16.72222222
1533,60.0,16.66666667
1534,60.4,16.77777778
1535,61.4,17.05555556
1536,63.2,17.55555556
1537,65.6,18.22222222
1538,68.4,19.00000000
1539,71.6,19.88888889
1540,74.9,20.80555556
1541,78.4,21.77777778
1542,81.8,22.72222222
1543,84.9,23.58333333
1544,87.4,24.27777778
1545,89.0,24.72222222
1546,90.0,25.00000000
1547,90.6,25.16666667
1548,91.0,25.27777778
1549,91.5,25.41666667
1550,92.0,25.55555556
1551,92.7,25.75000000
1552,93.4,25.94444444
1553,94.2,26.16666667
1554,94.9,26.36111111
1555,95.7,26.58333333
1556,96.6,26.83333333
1557,97.7,27.13888889
1558,98.9,27.47222222
1559,100.4,27.88888889
1560,102.0,28.33333333
1561,103.6,28.77777778
1562,105.2,29.22222222
1563,106.8,29.66666667
1564,108.5,30.13888889
1565,110.2,30.61111111
1566,111.9,31.08333333
1567,113.7,31.58333333
1568,115.3,32.02777778
1569,116.8,32.44444444
1570,118.2,32.83333333
1571,119.5,33.19444444
1572,120.7,33.52777778
1573,121.8,33.83333333
1574,122.6,34.05555556
1575,123.2,34.22222222
1576,123.6,34.33333333
1577,123.7,34.36111111
1578,123.6,34.33333333
1579,123.3,34.25000000
1580,123.0,34.16666667
1581,122.5,34.02777778
1582,122.1,33.91666667
1583,121.5,33.75000000
1584,120.8,33.55555556
1585,120.0,33.33333333
1586,119.1,33.08333333
1587,118.1,32.80555556
1588,117.1,32.52777778
1589,116.2,32.27777778
1590,115.5,32.08333333
1591,114.9,31.91666667
1592,114.5,31.80555556
1593,114.1,31.69444444
1594,113.9,31.63888889
1595,113.7,31.58333333
1596,113.3,31.47222222
1597,112.9,31.36111111
1598,112.2,31.16666667
1599,111.4,30.94444444
1600,110.5,30.69444444
1601,109.5,30.41666667
1602,108.5,30.13888889
1603,107.7,29.91666667
1604,107.1,29.75000000
1605,106.6,29.61111111
1606,106.4,29.55555556
1607,106.2,29.50000000
1608,106.2,29.50000000
1609,106.2,29.50000000
1610,106.4,29.55555556
1611,106.5,29.58333333
1612,106.8,29.66666667
1613,107.2,29.77777778
1614,107.8,29.94444444
1615,108.5,30.13888889
1616,109.4,30.38888889
1617,110.5,30.69444444
1618,111.7,31.02777778
1619,113.0,31.38888889
1620,114.1,31.69444444
1621,115.1,31.97222222
1622,115.9,32.19444444
1623,116.5,32.36111111
1624,116.7,32.41666667
1625,116.6,32.38888889
1626,116.2,32.27777778
1627,115.2,32.00000000
1628,113.8,31.61111111
1629,112.0,31.11111111
1630,110.1,30.58333333
1631,108.3,30.08333333
1632,107.0,29.72222222
1633,106.1,29.47222222
1634,105.8,29.38888889
1635,105.7,29.36111111
1636,105.7,29.36111111
1637,105.6,29.33333333
1638,105.3,29.25000000
1639,104.9,29.13888889
1640,104.4,29.00000000
1641,104.0,28.88888889
1642,103.8,28.83333333
1643,103.9,28.86111111
1644,104.4,29.00000000
1645,105.1,29.19444444
1646,106.1,29.47222222
1647,107.2,29.77777778
1648,108.5,30.13888889
1649,109.9,30.52777778
1650,111.3,30.91666667
1651,112.7,31.30555556
1652,113.9,31.63888889
1653,115.0,31.94444444
1654,116.0,32.22222222
1655,116.8,32.44444444
1656,117.6,32.66666667
1657,118.4,32.88888889
1658,119.2,33.11111111
1659,120.0,33.33333333
1660,120.8,33.55555556
1661,121.6,33.77777778
1662,122.3,33.97222222
1663,123.1,34.19444444
1664,123.8,34.38888889
1665,124.4,34.55555556
1666,125.0,34.72222222
1667,125.4,34.83333333
1668,125.8,34.94444444
1669,126.1,35.02777778
1670,126.4,35.11111111
1671,126.6,35.16666667
1672,126.7,35.19444444
1673,126.8,35.22222222
1674,126.9,35.25000000
1675,126.9,35.25000000
1676,126.9,35.25000000
1677,126.8,35.22222222
1678,126.6,35.16666667
1679,126.3,35.08333333
1680,126.0,35.00000000
1681,125.7,34.91666667
1682,125.6,34.88888889
1683,125.6,34.88888889
1684,125.8,34.94444444
1685,126.2,35.05555556
1686,126.6,35.16666667
1687,127.0,35.27777778
1688,127.4,35.38888889
1689,127.6,35.44444444
1690,127.8,35.50000000
1691,127.9,35.52777778
1692,128.0,35.55555556
1693,128.1,35.58333333
1694,128.2,35.61111111
1695,128.3,35.63888889
1696,128.4,35.66666667
1697,128.5,35.69444444
1698,128.6,35.72222222
1699,128.6,35.72222222
1700,128.5,35.69444444
1701,128.3,35.63888889
1702,128.1,35.58333333
1703,127.9,35.52777778
1704,127.6,35.44444444
1705,127.4,35.38888889
1706,127.2,35.33333333
1707,127.0,35.27777778
1708,126.9,35.25000000
1709,126.8,35.22222222
1710,126.7,35.19444444
1711,126.8,35.22222222
1712,126.9,35.25000000
1713,127.1,35.30555556
1714,127.4,35.38888889
1715,127.7,35.47222222
1716,128.1,35.58333333
1717,128.5,35.69444444
1718,129.0,35.83333333
1719,129.5,35.97222222
1720,130.1,36.13888889
1721,130.6,36.27777778
1722,131.0,36.38888889
1723,131.2,36.44444444
1724,131.3,36.47222222
1725,131.2,36.44444444
1726,130.7,36.30555556
1727,129.8,36.05555556
1728,128.4,35.66666667
1729,126.5,35.13888889
1730,124.1,34.47222222
1731,121.6,33.77777778
1732,119.0,33.05555556
1733,116.5,32.36111111
1734,114.1,31.69444444
1735,111.8,31.05555556
1736,109.5,30.41666667
1737,107.1,29.75000000
1738,104.8,29.11111111
1739,102.5,28.47222222
1740,100.4,27.88888889
1741,98.6,27.38888889
1742,97.2,27.00000000
1743,95.9,26.63888889
1744,94.8,26.33333333
1745,93.8,26.05555556
1746,92.8,25.77777778
1747,91.8,25.50000000
1748,91.0,25.27777778
1749,90.2,25.05555556
1750,89.6,24.88888889
1751,89.1,24.75000000
1752,88.6,24.61111111
1753,88.1,24.47222222
1754,87.6,24.33333333
1755,87.1,24.19444444
1756,86.6,24.05555556
1757,86.1,23.91666667
1758,85.5,23.75000000
1759,85.0,23.61111111
1760,84.4,23.44444444
1761,83.8,23.27777778
1762,83.2,23.11111111
1763,82.6,22.94444444
1764,82.0,22.77777778
1765,81.3,22.58333333
1766,80.4,22.33333333
1767,79.1,21.97222222
1768,77.4,21.50000000
1769,75.1,20.86111111
1770,72.3,20.08333333
1771,69.1,19.19444444
1772,65.9,18.30555556
1773,62.7,17.41666667
1774,59.7,16.58333333
1775,57.0,15.83333333
1776,54.6,15.16666667
1777,52.2,14.50000000
1778,49.7,13.80555556
1779,46.8,13.00000000
1780,43.5,12.08333333
1781,39.9,11.08333333
1782,36.4,10.11111111
1783,33.2,9.22222222
1784,30.5,8.47222222
1785,28.3,7.86111111
1786,26.3,7.30555556
1787,24.4,6.77777778
1788,22.5,6.25000000
1789,20.5,5.69444444
1790,18.2,5.05555556
1791,15.5,4.30555556
1792,12.3,3.41666667
1793,8.7,2.41666667
1794,5.2,1.44444444
1795,0.0,0.00000000
1796,0.0,0.00000000
1797,0.0,0.00000000
1798,0.0,0.00000000
1799,0.0,0.00000000
1800,0.0,0.00000000
