Objective,ScenarioID,Description,Algorithm,Cost,TTC_Min,TET,TIT,Max_Jerk,ObjectiveValue
ITAE,S0,Normal,KMA,930863.1308844008,17.241717110514223,0.0,0.0,114.17389658260029,1310230.8243604193
ITAE,S0,Normal,GA,930863.1308844008,17.26395606474212,0.0,0.0,107.06802057954843,1320367.5383893098
ITAE,S0,Normal,HOA,930863.1308844008,17.241717110514223,0.0,0.0,114.17389658260029,1310253.267272731
ITAE,S0,Normal,PSO,930863.1308844008,17.241717110514223,0.0,0.0,114.17389658260029,1310230.8243599215
ITAE,S0,Normal,SKA,930863.1308844008,17.241717110514287,0.0,0.0,114.17389658265846,1310230.8243692564
ITAE,S1,Mass+10%,KMA,930863.1308844008,17.145908975761635,0.0,0.0,89.13516762379871,1332411.400579596
ITAE,S1,Mass+10%,GA,930863.1308844008,17.16952028595076,0.0,0.0,76.15310018394956,1340653.8370803783
ITAE,S1,Mass+10%,HOA,930863.1308844008,17.145908975761635,0.0,0.0,85.67384286694725,1332671.8366341945
ITAE,S1,Mass+10%,PSO,930863.1308844008,17.145908975761635,0.0,0.0,89.13516431771984,1332411.400828323
ITAE,S1,Mass+10%,SKA,930863.1308844008,17.145908975761696,0.0,0.0,89.13531272894198,1332411.3896624348
ITAE,S2,Mass-10%,KMA,930863.1308844008,17.34758737392199,0.0,0.0,139.0369835483931,1290581.989561961
ITAE,S2,Mass-10%,GA,930863.1308844008,17.359986814974995,0.0,0.0,108.73931439455119,1301062.1191866777
ITAE,S2,Mass-10%,HOA,930863.1308844008,17.34061291398392,0.0,0.0,139.0369835483931,1290419.455562979
ITAE,S2,Mass-10%,PSO,930863.1308844008,17.347587367257677,0.0,0.0,139.0369835483931,1290581.989400312
ITAE,S2,Mass-10%,SKA,930863.1308844008,17.34758766642209,0.0,0.0,139.03698354824348,1290581.9966588165
ITAE,S3,Res+20%,KMA,930863.1308844008,17.202501089309276,0.0,0.0,103.05846556087425,1329858.6578182932
ITAE,S3,Res+20%,GA,930863.1308844008,17.22786150810628,0.0,0.0,106.28257119485569,1339077.4673825197
ITAE,S3,Res+20%,HOA,930863.1308844008,17.202501089309276,0.0,0.0,103.05846556087425,1330118.4938785057
ITAE,S3,Res+20%,PSO,930863.1308844008,17.202501089309276,0.0,0.0,103.05846556087425,1329858.658066161
ITAE,S3,Res+20%,SKA,930863.1308844008,17.202501089309337,0.0,0.0,103.05846556093758,1329858.6469258706
ITAE,S4,Up Normal,KMA,930863.1308844008,17.094692770996776,0.0,0.0,85.8833962893929,1674258.0787209026
ITAE,S4,Up Normal,GA,930863.1308844008,17.152605698786438,0.0,0.0,64.41953287955468,1698466.3314302377
ITAE,S4,Up Normal,HOA,930863.1308844008,17.094692770996776,0.0,0.0,82.0647298191912,1674531.5925750209
ITAE,S4,Up Normal,PSO,930863.1308844008,17.094692770996776,0.0,0.0,85.88339264199969,1674258.0789789008
ITAE,S4,Up Normal,SKA,930863.1308844008,17.094692770996964,0.0,0.0,85.88355637505826,1674258.0673961365
ITAE,S5,Up Mass+,KMA,930863.1308844008,17.379282118249694,0.0,0.0,67.31187035056242,1786211.1557634855
ITAE,S5,Up Mass+,GA,930863.1308844008,17.45277919644099,0.0,0.0,90.3116792666619,1813306.3165242907
ITAE,S5,Up Mass+,HOA,930863.1308844008,17.379282118249694,0.0,0.0,69.93446534045275,1786485.1349799368
ITAE,S5,Up Mass+,PSO,930863.1308844008,17.379282118249694,0.0,0.0,67.31187285654815,1786211.1560252963
ITAE,S5,Up Mass+,SKA,930863.1308844008,17.379282118250572,0.0,0.0,67.31176036262204,1786211.1442795552
ITAE,S6,Up Mass-,KMA,930863.1308844008,17.04844140385336,0.0,0.0,77.04567544487847,1585373.614838542
ITAE,S6,Up Mass-,GA,930863.1308844008,17.0884666121293,0.0,0.0,75.19697440311505,1606752.4011248471
ITAE,S6,Up Mass-,HOA,930863.1308844008,17.04844140385336,0.0,0.0,77.7767529280224,1585643.1817082602
ITAE,S6,Up Mass-,PSO,930863.1308844008,17.04844140385336,0.0,0.0,77.04567858474283,1585373.6150956815
ITAE,S6,Up Mass-,SKA,930863.1308844008,17.048441403853506,0.0,0.0,77.04553761817063,1585373.603548548
ITAE,S7,Up Res+,KMA,930863.1308844008,17.1641049875632,0.0,0.0,80.61127572371512,1712207.408626397
ITAE,S7,Up Res+,GA,930863.1308844008,17.229730297566828,0.0,0.0,102.14747169797556,1737833.627301293
ITAE,S7,Up Res+,HOA,930863.1308844008,17.1641049875632,0.0,0.0,83.82208203498243,1712480.0508494463
ITAE,S7,Up Res+,PSO,930863.1308844008,17.1641049875632,0.0,0.0,80.61127879182817,1712207.4088866946
ITAE,S7,Up Res+,SKA,930863.1308844008,17.164104987563405,0.0,0.0,80.61114106309586,1712207.3971980866
ITAE,S8,Down Normal,KMA,930863.1308844008,17.68262397619264,0.0,0.0,136.5782905305342,1112530.9972461152
ITAE,S8,Down Normal,GA,930863.1308844008,17.738651285346208,0.0,0.0,147.2188271146374,1107448.1119715532
ITAE,S8,Down Normal,HOA,930863.1308844008,17.67623223737224,0.0,0.0,136.5782905305342,1112467.536518921
ITAE,S8,Down Normal,PSO,930863.1308844008,17.682623970085377,0.0,0.0,136.5782905305342,1112530.997176314
ITAE,S8,Down Normal,SKA,930863.1308844008,17.68262424424302,0.0,0.0,136.57829053058202,1112531.0003020628
ITAE,S9,Down Mass+,KMA,930863.1308844008,17.64259059528874,0.0,0.0,162.77254179760175,1110662.7295425362
ITAE,S9,Down Mass+,GA,930863.1308844008,17.675237851874048,0.0,0.0,134.131820964216,1103102.5274384525
ITAE,S9,Down Mass+,HOA,930863.1308844008,17.63938664552433,0.0,0.0,162.77254179760175,1110802.258536713
ITAE,S9,Down Mass+,PSO,930863.1308844008,17.64259059528874,0.0,0.0,162.77254179760175,1110662.7296614822
ITAE,S9,Down Mass+,SKA,930863.1308844008,17.642590595288674,0.0,0.0,162.77254179746456,1110662.724326221
ITAE,S10,Down Mass-,KMA,930863.1308844008,17.72917914350198,0.0,0.0,151.56529993367752,1115514.5028084302
ITAE,S10,Down Mass-,GA,930863.1308844008,17.775838916907844,0.0,0.0,130.5336450670921,1112291.9911427835
ITAE,S10,Down Mass-,HOA,930863.1308844008,17.722066050725886,0.0,0.0,151.56529993367752,1115337.3921920033
ITAE,S10,Down Mass-,PSO,930863.1308844008,17.729179136705195,0.0,0.0,151.56529993367752,1115514.5026356943
ITAE,S10,Down Mass-,SKA,930863.1308844008,17.72917944181572,0.0,0.0,151.56529993355062,1115514.5103915897
ITAE,S11,Down Res+,KMA,930863.1308844008,17.634808780436177,0.0,0.0,161.9631825847624,1122478.9017676297
ITAE,S11,Down Res+,GA,930863.1308844008,17.677962315265926,0.0,0.0,169.9939817867428,1118945.7134671772
ITAE,S11,Down Res+,HOA,930863.1308844008,17.628442640267004,0.0,0.0,161.9631825847624,1122339.693495571
ITAE,S11,Down Res+,PSO,930863.1308844008,17.634808774353377,0.0,0.0,161.9631825847624,1122478.9016274717
ITAE,S11,Down Res+,SKA,930863.1308844008,17.634809047412972,0.0,0.0,161.9631825847985,1122478.9079090576
IAE,S0,Normal,KMA,930863.1308844008,17.241717110514223,0.0,0.0,114.17389658260029,102113.35966585118
IAE,S0,Normal,GA,930863.1308844008,17.26395606474212,0.0,0.0,107.06802057954843,102554.4706406694
IAE,S0,Normal,HOA,930863.1308844008,17.24941757432722,0.0,0.0,115.59366177650551,102248.05482342865
IAE,S0,Normal,PSO,930863.1308844008,17.241717110514223,0.0,0.0,114.17389658260029,102113.35966584877
IAE,S0,Normal,SKA,930863.1308844008,17.241717110514223,0.0,0.0,114.1738965826005,102113.35966584944
IAE,S1,Mass+10%,KMA,930863.1308844008,17.145908975761635,0.0,0.0,88.29911828934499,104936.44442624744
IAE,S1,Mass+10%,GA,930863.1308844008,17.16952028595076,0.0,0.0,76.15310018394956,105328.5191757656
IAE,S1,Mass+10%,HOA,930863.1308844008,17.188609696852662,0.0,0.0,78.89727451228138,105007.30046585745
IAE,S1,Mass+10%,PSO,930863.1308844008,17.145908975761635,0.0,0.0,88.29911784824111,104936.44442713013
IAE,S1,Mass+10%,SKA,930863.1308844008,17.145908975761635,0.0,0.0,88.29911784834015,104936.44442713037
IAE,S2,Mass-10%,KMA,930863.1308844008,17.345902247098625,0.0,0.0,139.0369835483931,99430.59994829785
IAE,S2,Mass-10%,GA,930863.1308844008,17.359986814974995,0.0,0.0,108.73931439455119,99875.98076949651
IAE,S2,Mass-10%,HOA,930863.1308844008,17.355682945491996,0.0,0.0,135.50563640202284,99589.05957789446
IAE,S2,Mass-10%,PSO,930863.1308844008,17.345902246209622,0.0,0.0,139.0369835483931,99430.59994761637
IAE,S2,Mass-10%,SKA,930863.1308844008,17.345902246209878,0.0,0.0,139.03698354839278,99430.59994761688
IAE,S3,Res+20%,KMA,930863.1308844008,17.202501089309276,0.0,0.0,103.05846556087425,103514.69771628545
IAE,S3,Res+20%,GA,930863.1308844008,17.22786150810628,0.0,0.0,106.28257119485569,103945.64167150274
IAE,S3,Res+20%,HOA,930863.1308844008,17.247199197429193,0.0,0.0,104.60357228997142,103601.86980589291
IAE,S3,Res+20%,PSO,930863.1308844008,17.202501089309276,0.0,0.0,103.05846556087425,103514.69771715805
IAE,S3,Res+20%,SKA,930863.1308844008,17.202501089309276,0.0,0.0,103.05846556087451,103514.69771715943
IAE,S4,Up Normal,KMA,930863.1308844008,17.094692770996776,0.0,0.0,84.96103453914301,133795.0510954195
IAE,S4,Up Normal,GA,930863.1308844008,17.152605698786438,0.0,0.0,64.41953287955468,134890.17601999195
IAE,S4,Up Normal,HOA,930863.1308844008,17.111226689354652,0.0,0.0,98.14494180059138,134024.54398606205
IAE,S4,Up Normal,PSO,930863.1308844008,17.094692770996776,0.0,0.0,84.96103405250028,133795.0510963408
IAE,S4,Up Normal,SKA,930863.1308844008,17.094692770996776,0.0,0.0,84.96103405265168,133795.05109634166
IAE,S5,Up Mass+,KMA,930863.1308844008,17.379282118249694,0.0,0.0,67.94553816009346,147445.12797448836
IAE,S5,Up Mass+,GA,930863.1308844008,17.45277919644099,0.0,0.0,90.3116792666619,148632.1444846691
IAE,S5,Up Mass+,HOA,930863.1308844008,17.386576900634765,0.0,0.0,85.60359249068695,147702.65584207512
IAE,S5,Up Mass+,PSO,930863.1308844008,17.379282118249694,0.0,0.0,67.94553849445747,147445.12797540298
IAE,S5,Up Mass+,SKA,930863.1308844008,17.379282118249694,0.0,0.0,67.94553849431824,147445.12797540397
IAE,S6,Up Mass-,KMA,930863.1308844008,17.04844140385336,0.0,0.0,77.83971595109774,123286.87135473272
IAE,S6,Up Mass-,GA,930863.1308844008,17.0884666121293,0.0,0.0,75.19697440311505,124282.82697546195
IAE,S6,Up Mass-,HOA,930863.1308844008,17.05449575589341,0.0,0.0,111.09413734810667,123487.23511601485
IAE,S6,Up Mass-,PSO,930863.1308844008,17.04844140385336,0.0,0.0,77.83971637027,123286.87135564485
IAE,S6,Up Mass-,SKA,930863.1308844008,17.04844140385336,0.0,0.0,77.83971637010374,123286.87135564568
IAE,S7,Up Res+,KMA,930863.1308844008,17.1641049875632,0.0,0.0,81.38706689895193,137896.51616431092
IAE,S7,Up Res+,GA,930863.1308844008,17.229730297566828,0.0,0.0,102.14747169797556,139043.82910605258
IAE,S7,Up Res+,HOA,930863.1308844008,17.171086906243403,0.0,0.0,85.16562855665386,138140.08190640135
IAE,S7,Up Res+,PSO,930863.1308844008,17.1641049875632,0.0,0.0,81.38706730829269,137896.5161652185
IAE,S7,Up Res+,SKA,930863.1308844008,17.1641049875632,0.0,0.0,81.38706730811973,137896.51616522047
IAE,S8,Down Normal,KMA,930863.1308844008,17.68107969045662,0.0,0.0,136.5782905305342,87813.18478791548
IAE,S8,Down Normal,GA,930863.1308844008,17.738651285346208,0.0,0.0,147.2188271146374,87530.30477080036
IAE,S8,Down Normal,HOA,930863.1308844008,17.7045856073452,0.0,0.0,137.74571055300405,87846.07014778262
IAE,S8,Down Normal,PSO,930863.1308844008,17.681079689641923,0.0,0.0,136.5782905305342,87813.18478750072
IAE,S8,Down Normal,SKA,930863.1308844008,17.68107968964208,0.0,0.0,136.5782905305344,87813.18478750096
IAE,S9,Down Mass+,KMA,930863.1308844008,17.64259059528874,0.0,0.0,162.77254179760175,88473.61527027689
IAE,S9,Down Mass+,GA,930863.1308844008,17.675237851874048,0.0,0.0,134.131820964216,88106.96038209109
IAE,S9,Down Mass+,HOA,930863.1308844008,17.639745883990134,0.0,0.0,159.496957128208,88464.25035975747
IAE,S9,Down Mass+,PSO,930863.1308844008,17.64259059528874,0.0,0.0,162.77254179760175,88473.61527051154
IAE,S9,Down Mass+,SKA,930863.1308844008,17.64259059528874,0.0,0.0,162.77254179760146,88473.61527051078
IAE,S10,Down Mass-,KMA,930863.1308844008,17.727460522138074,0.0,0.0,151.56529993367752,87140.18810978155
IAE,S10,Down Mass-,GA,930863.1308844008,17.775838916907844,0.0,0.0,130.5336450670921,86927.02031662337
IAE,S10,Down Mass-,HOA,930863.1308844008,17.76955376866584,0.0,0.0,148.6017772344367,87201.3572550522
IAE,S10,Down Mass-,PSO,930863.1308844008,17.72746052123141,0.0,0.0,151.56529993367752,87140.18810900596
IAE,S10,Down Mass-,SKA,930863.1308844008,17.72746052123161,0.0,0.0,151.56529993367724,87140.18810900627
IAE,S11,Down Res+,KMA,930863.1308844008,17.63327068005125,0.0,0.0,161.9631825847624,88547.32092165336
IAE,S11,Down Res+,GA,930863.1308844008,17.677962315265926,0.0,0.0,169.9939817867428,88326.87106926288
IAE,S11,Down Res+,HOA,930863.1308844008,17.68013366527128,0.0,0.0,162.8442768520227,88599.60242294689
IAE,S11,Down Res+,PSO,930863.1308844008,17.633270679239807,0.0,0.0,161.9631825847624,88547.32092099363
IAE,S11,Down Res+,SKA,930863.1308844008,17.63327067923998,0.0,0.0,161.96318258476254,88547.32092099413
ISE,S0,Normal,KMA,930863.1308844008,18.206453526505232,0.0,0.0,114.1738965826378,516319.7247168371
ISE,S0,Normal,GA,930863.1308844008,18.066897031900172,0.0,0.0,116.21139638128334,516790.3257621275
ISE,S0,Normal,HOA,930863.1308844008,18.188064090007362,0.0,0.0,116.49918432313197,516319.8022517264
ISE,S0,Normal,PSO,930863.1308844008,18.206450510148183,0.0,0.0,114.17389658260029,516319.72471683286
ISE,S0,Normal,SKA,930863.1308844008,18.2064536821509,0.0,0.0,114.17389658260029,516319.72471683816
ISE,S1,Mass+10%,KMA,930863.1308844008,18.07791415663442,0.0,0.0,80.15864092929063,545368.3580381826
ISE,S1,Mass+10%,GA,930863.1308844008,17.915297465651264,0.0,0.0,92.20516252301931,545889.3351426335
ISE,S1,Mass+10%,HOA,930863.1308844008,18.077914156634375,0.0,0.0,80.15864092934557,545368.8193503915
ISE,S1,Mass+10%,PSO,930863.1308844008,18.077914156634375,0.0,0.0,80.15864092934557,545368.3581010195
ISE,S1,Mass+10%,SKA,930863.1308844008,18.077914156634375,0.0,0.0,80.15864092934557,545368.3580349374
ISE,S2,Mass-10%,KMA,930863.1308844008,18.368960768503392,0.0,0.0,139.0369835482947,488724.47214046546
ISE,S2,Mass-10%,GA,930863.1308844008,18.24191945578749,0.0,0.0,133.9831423352876,489150.382900608
ISE,S2,Mass-10%,HOA,930863.1308844008,18.368960768503346,0.0,0.0,139.0369835483931,488724.1440735382
ISE,S2,Mass-10%,PSO,930863.1308844008,18.368960768503346,0.0,0.0,139.0369835483931,488724.4720740634
ISE,S2,Mass-10%,SKA,930863.1308844008,18.368960768503346,0.0,0.0,139.0369835483931,488724.4721438959
ISE,S3,Res+20%,KMA,930863.1308844008,18.1720427290816,0.0,0.0,103.0584655609151,527613.1650383162
ISE,S3,Res+20%,GA,930863.1308844008,18.001132439400106,0.0,0.0,105.2758425348934,528157.2215809515
ISE,S3,Res+20%,HOA,930863.1308844008,18.172042729081554,0.0,0.0,103.05846556087425,527613.5807465401
ISE,S3,Res+20%,PSO,930863.1308844008,18.172042729081554,0.0,0.0,103.05846556087425,527613.1650936913
ISE,S3,Res+20%,SKA,930863.1308844008,18.172042729081554,0.0,0.0,103.05846556087425,527613.1650354632
ISE,S4,Up Normal,KMA,930863.1308844008,17.428079719077413,0.0,0.0,86.08946631526476,830755.5958474728
ISE,S4,Up Normal,GA,930863.1308844008,17.38795088545532,0.0,0.0,83.72083142503756,832477.491974864
ISE,S4,Up Normal,HOA,930863.1308844008,17.42807971907729,0.0,0.0,75.41256465750438,830761.3878175605
ISE,S4,Up Normal,PSO,930863.1308844008,17.42807971907729,0.0,0.0,86.08771678788274,830755.5967834084
ISE,S4,Up Normal,SKA,930863.1308844008,17.42807971907729,0.0,0.0,86.08955659199468,830755.5957991845
ISE,S5,Up Mass+,KMA,930863.1308844008,17.43917914016732,0.0,0.0,71.1911853294786,1005946.3671703073
ISE,S5,Up Mass+,GA,930863.1308844008,17.4309520927558,0.0,0.0,83.74483545080274,1007896.8367501309
ISE,S5,Up Mass+,HOA,930863.1308844008,17.439179140166534,0.0,0.0,61.490817177161865,1005953.069812775
ISE,S5,Up Mass+,PSO,930863.1308844008,17.439179140166534,0.0,0.0,71.1895958221658,1005946.3682552342
ISE,S5,Up Mass+,SKA,930863.1308844008,17.439179140166534,0.0,0.0,71.19126735373197,1005946.3671140611
ISE,S6,Up Mass-,KMA,930863.1308844008,17.610458601994363,0.0,0.0,83.19517402177974,707104.3412437071
ISE,S6,Up Mass-,GA,930863.1308844008,17.50912485312824,0.0,0.0,97.93577451286025,708609.070894446
ISE,S6,Up Mass-,HOA,930863.1308844008,17.610458601994257,0.0,0.0,96.92969747193754,707109.1334291463
ISE,S6,Up Mass-,PSO,930863.1308844008,17.610458601994257,0.0,0.0,83.19742673810714,707104.3420158378
ISE,S6,Up Mass-,SKA,930863.1308844008,17.610458601994257,0.0,0.0,83.1950577795145,707104.3412038602
ISE,S7,Up Res+,KMA,930863.1308844008,17.416062138521813,0.0,0.0,65.44089029032072,880009.5063482493
ISE,S7,Up Res+,GA,930863.1308844008,17.365722017163137,0.0,0.0,92.84937082407293,881837.1000291836
ISE,S7,Up Res+,HOA,930863.1308844008,17.41606213852169,0.0,0.0,76.71188932062074,880015.670414098
ISE,S7,Up Res+,PSO,930863.1308844008,17.41606213852169,0.0,0.0,65.44273893980518,880009.5073435446
ISE,S7,Up Res+,SKA,930863.1308844008,17.41606213852169,0.0,0.0,65.44079489828982,880009.5062968835
ISE,S8,Down Normal,KMA,930863.1308844008,19.0123063662286,0.0,0.0,136.57829053056506,404687.5898733917
ISE,S8,Down Normal,GA,930863.1308844008,18.806444161015172,0.0,0.0,138.25365070344998,404262.12697417795
ISE,S8,Down Normal,HOA,930863.1308844008,19.01230636622865,0.0,0.0,136.5782905305342,404682.2657644948
ISE,S8,Down Normal,PSO,930863.1308844008,19.01230636622865,0.0,0.0,136.5782905305342,404687.58898888115
ISE,S8,Down Normal,SKA,930863.1308844008,19.01230636622865,0.0,0.0,136.5782905305342,404687.5899190381
ISE,S9,Down Mass+,KMA,930863.1308844008,18.924624156162388,0.0,0.0,162.7725417975145,413122.1644955569
ISE,S9,Down Mass+,GA,930863.1308844008,18.749397350581773,0.0,0.0,158.08201842752092,412654.67140644434
ISE,S9,Down Mass+,HOA,930863.1308844008,18.924624156162437,0.0,0.0,162.77254179760175,413116.74501141266
ISE,S9,Down Mass+,PSO,930863.1308844008,18.924624156162437,0.0,0.0,162.77254179760175,413122.16359542636
ISE,S9,Down Mass+,SKA,930863.1308844008,18.924624156162437,0.0,0.0,162.77254179760175,413122.1645420045
ISE,S10,Down Mass-,KMA,930863.1308844008,19.100404595810257,0.0,0.0,151.56529993359445,395815.0612821016
ISE,S10,Down Mass-,GA,930863.1308844008,18.872146654602375,0.0,0.0,147.32129333828274,395435.7616717904
ISE,S10,Down Mass-,HOA,930863.1308844008,19.094022450416364,0.0,0.0,151.56529993367752,395809.9104578978
ISE,S10,Down Mass-,PSO,930863.1308844008,19.100404595810282,0.0,0.0,151.56529993367752,395815.0604259601
ISE,S10,Down Mass-,SKA,930863.1308844008,19.100404595810282,0.0,0.0,151.56529993367752,395815.06132627843
ISE,S11,Down Res+,KMA,930863.1308844008,18.968669203113762,0.0,0.0,161.96318258478567,410230.8246668302
ISE,S11,Down Res+,GA,930863.1308844008,18.744289813151,0.0,0.0,163.22763772133723,409855.9079786749
ISE,S11,Down Res+,HOA,930863.1308844008,18.956195672015145,0.0,0.0,161.9631825847624,410225.85977803834
ISE,S11,Down Res+,PSO,930863.1308844008,18.968669203113812,0.0,0.0,161.9631825847624,410230.82384113915
ISE,S11,Down Res+,SKA,930863.1308844008,18.968669203113812,0.0,0.0,161.9631825847624,410230.8247094372
ITSE,S0,Normal,KMA,930863.1308844008,18.37589508751234,0.0,0.0,114.17389658260029,2869000.4233369087
ITSE,S0,Normal,GA,930863.1308844008,18.376363948316182,0.0,0.0,114.45686839730789,2879642.550893434
ITSE,S0,Normal,HOA,930863.1308844008,18.311152761450458,0.0,0.0,114.17389658260029,2869227.1041542976
ITSE,S0,Normal,PSO,930863.1308844008,18.37589508751234,0.0,0.0,114.17389658260029,2869000.4233365664
ITSE,S0,Normal,SKA,930863.1308844008,18.37589508751234,0.0,0.0,114.17389658260035,2869000.4233368086
ITSE,S1,Mass+10%,KMA,930863.1308844008,18.197662219439987,0.0,0.0,90.25417727852724,3009651.8630516804
ITSE,S1,Mass+10%,GA,930863.1308844008,18.198157199257494,0.0,0.0,79.73433791455389,3021346.2823908594
ITSE,S1,Mass+10%,HOA,930863.1308844008,18.145318111593863,0.0,0.0,103.76740693080788,3009996.1802367303
ITSE,S1,Mass+10%,PSO,930863.1308844008,18.197662219439987,0.0,0.0,90.25539757874478,3009651.86166968
ITSE,S1,Mass+10%,SKA,930863.1308844008,18.197662219439987,0.0,0.0,90.25540700102125,3009651.8616585936
ITSE,S2,Mass-10%,KMA,930863.1308844008,18.52386729849095,0.0,0.0,139.0369835483931,2737860.896844947
ITSE,S2,Mass-10%,GA,930863.1308844008,18.542306699332116,0.0,0.0,138.32958117101285,2747483.404739431
ITSE,S2,Mass-10%,HOA,930863.1308844008,18.503860078050142,0.0,0.0,139.0369835483931,2737962.076839411
ITSE,S2,Mass-10%,PSO,930863.1308844008,18.523870025043575,0.0,0.0,139.0369835483931,2737860.899356353
ITSE,S2,Mass-10%,SKA,930863.1308844008,18.523870046096224,0.0,0.0,139.03698354839304,2737860.8993754396
ITSE,S3,Res+20%,KMA,930863.1308844008,18.29617111843075,0.0,0.0,103.05846556087425,2938305.416270753
ITSE,S3,Res+20%,GA,930863.1308844008,18.296704274418634,0.0,0.0,103.36641905693575,2950778.419597458
ITSE,S3,Res+20%,HOA,930863.1308844008,18.237803828505296,0.0,0.0,116.09574877924896,2938657.178731863
ITSE,S3,Res+20%,PSO,930863.1308844008,18.29617111843075,0.0,0.0,103.05846556087425,2938305.4150349484
ITSE,S3,Res+20%,SKA,930863.1308844008,18.29617111843075,0.0,0.0,103.05846556087431,2938305.4150256733
ITSE,S4,Up Normal,KMA,930863.1308844008,17.509259888433036,0.0,0.0,87.47544179491966,4722693.463386748
ITSE,S4,Up Normal,GA,930863.1308844008,17.51057834652989,0.0,0.0,59.116736601705234,4766623.991620507
ITSE,S4,Up Normal,HOA,930863.1308844008,17.48131400670416,0.0,0.0,65.52167571440711,4724812.82015125
ITSE,S4,Up Normal,PSO,930863.1308844008,17.509259888433036,0.0,0.0,87.47393077662039,4722693.437254113
ITSE,S4,Up Normal,SKA,930863.1308844008,17.509259888433036,0.0,0.0,87.47391910926831,4722693.437052142
ITSE,S5,Up Mass+,KMA,930863.1308844008,17.473592513593175,0.0,0.0,80.38754955548173,5744562.679642182
ITSE,S5,Up Mass+,GA,930863.1308844008,17.475011966120675,0.0,0.0,56.63395354943975,5794599.262921455
ITSE,S5,Up Mass+,HOA,930863.1308844008,17.461257981753782,0.0,0.0,64.42520335275987,5746961.304995945
ITSE,S5,Up Mass+,PSO,930863.1308844008,17.473592513593175,0.0,0.0,80.38629719021506,5744562.649833802
ITSE,S5,Up Mass+,SKA,930863.1308844008,17.473592513593175,0.0,0.0,80.38628752013206,5744562.649603831
ITSE,S6,Up Mass-,KMA,930863.1308844008,17.6886058438202,0.0,0.0,105.85650933919341,4032805.5382349826
ITSE,S6,Up Mass-,GA,930863.1308844008,17.721674224805845,0.0,0.0,80.29444356590149,4071032.8876738264
ITSE,S6,Up Mass-,HOA,930863.1308844008,17.649061115400407,0.0,0.0,130.58066302098817,4034623.039369208
ITSE,S6,Up Mass-,PSO,930863.1308844008,17.6886058438202,0.0,0.0,105.85804461623762,4032805.5159762227
ITSE,S6,Up Mass-,SKA,930863.1308844008,17.6886058438202,0.0,0.0,105.85805647064362,4032805.515804261
ITSE,S7,Up Res+,KMA,930863.1308844008,17.46063235410753,0.0,0.0,113.23920444050998,5012925.028835355
ITSE,S7,Up Res+,GA,930863.1308844008,17.485601648250427,0.0,0.0,57.857632555163995,5059716.956505341
ITSE,S7,Up Res+,HOA,930863.1308844008,17.46063235410753,0.0,0.0,102.28457873692953,5015170.565503404
ITSE,S7,Up Res+,PSO,930863.1308844008,17.46063235410753,0.0,0.0,113.24060441581878,5012925.000227339
ITSE,S7,Up Res+,SKA,930863.1308844008,17.46063235410753,0.0,0.0,113.2406152255151,5012925.000006676
ITSE,S8,Down Normal,KMA,930863.1308844008,19.183065245829223,0.0,0.0,136.5782905305342,2154165.9357425147
ITSE,S8,Down Normal,GA,930863.1308844008,19.182507300743897,0.0,0.0,136.81096771103023,2145533.8069158387
ITSE,S8,Down Normal,HOA,930863.1308844008,19.116713198431153,0.0,0.0,136.5782905305342,2152552.9273603223
ITSE,S8,Down Normal,PSO,930863.1308844008,19.183065245829223,0.0,0.0,136.5782905305342,2154165.961808761
ITSE,S8,Down Normal,SKA,930863.1308844008,19.183065245829223,0.0,0.0,136.57829053053422,2154165.9620098234
ITSE,S9,Down Mass+,KMA,930863.1308844008,19.099498246011834,0.0,0.0,162.77254179760175,2174109.427605148
ITSE,S9,Down Mass+,GA,930863.1308844008,19.09180372615507,0.0,0.0,162.11706742726906,2164638.0516529665
ITSE,S9,Down Mass+,HOA,930863.1308844008,19.06247959372962,0.0,0.0,162.77254179760175,2172441.8167303847
ITSE,S9,Down Mass+,PSO,930863.1308844008,19.099500542708988,0.0,0.0,162.77254179760175,2174109.454979984
ITSE,S9,Down Mass+,SKA,930863.1308844008,19.099500560442372,0.0,0.0,162.77254179760166,2174109.4551909273
ITSE,S10,Down Mass-,KMA,930863.1308844008,19.274164242499104,0.0,0.0,151.56529993367752,2132988.775611298
ITSE,S10,Down Mass-,GA,930863.1308844008,19.27367164624804,0.0,0.0,150.97236021484352,2125250.002880692
ITSE,S10,Down Mass-,HOA,930863.1308844008,19.18657131485913,0.0,0.0,151.56529993367752,2131428.664785707
ITSE,S10,Down Mass-,PSO,930863.1308844008,19.274164242499104,0.0,0.0,151.56529993367752,2132988.8013172555
ITSE,S10,Down Mass-,SKA,930863.1308844008,19.274164242499104,0.0,0.0,151.56529993367747,2132988.8015154433
ITSE,S11,Down Res+,KMA,930863.1308844008,19.137070587804313,0.0,0.0,161.9631825847624,2191009.974233286
ITSE,S11,Down Res+,GA,930863.1308844008,19.136586283630056,0.0,0.0,162.13879249885622,2183257.6186783584
ITSE,S11,Down Res+,HOA,930863.1308844008,19.052176107078502,0.0,0.0,161.9631825847624,2189512.4799086186
ITSE,S11,Down Res+,PSO,930863.1308844008,19.137070587804313,0.0,0.0,161.9631825847624,2191009.9984863717
ITSE,S11,Down Res+,SKA,930863.1308844008,19.137070587804313,0.0,0.0,161.96318258476245,2191009.9986733967
