Objective,Algorithm,ScenarioID,Description,RiseTime,SettlingTime,OvershootPct,SteadyStateError,PeakTime,ObjectiveValue
ITAE,KMA,S0,Normal,0.7331276348096615,0.7666666666666666,0.0,0.020264430066657013,24.97973556993335,3852.3654985678572
ITAE,KMA,S1,Mass+10%,0.823099084674635,0.8666666666666667,0.0,0.021735276567376616,24.97826472343262,4140.031611540503
ITAE,KMA,S2,Mass-10%,0.6463921410862707,0.6833333333333333,0.0,0.018793583604384878,24.981206416395615,3566.3048785675464
ITAE,KMA,S3,Res+20%,0.761501680604928,0.8,0.0,0.023206123106568555,24.976793876893428,4408.441199639256
ITAE,KMA,S4,Up Normal,1.5652555130358827,1.6333333333333333,0.0,0.06260929323276088,24.93739070676724,11954.396819046375
ITAE,KMA,S5,Up Mass+,2.0300620526188404,2.1166666666666667,0.0,0.06831462902153618,24.931685370978457,13151.991929477043
ITAE,KMA,S6,Up Mass-,1.2218495977646255,1.2833333333333332,0.0,0.05690395802270487,24.94309604197729,10809.723680957191
ITAE,KMA,S7,Up Res+,1.6955930397317558,1.7666666666666666,0.0,0.06550629752532089,24.934493702474672,12530.494068462987
ITAE,KMA,S8,Down Normal,0.473693749229687,0.5,0.0,-0.02252731014232623,25.02252731014233,4252.030036182586
ITAE,KMA,S9,Down Mass+,0.5104567922238523,0.5333333333333333,0.0,-0.025335637102845254,25.025335637102845,4782.640122882937
ITAE,KMA,S10,Down Mass-,0.4352158562324784,0.4666666666666667,0.0,-0.019718983041592253,25.0197189830416,3721.4975720532198
ITAE,KMA,S11,Down Res+,0.4854296106227016,0.5166666666666666,0.0,-0.019630310234809656,25.019630310234817,3708.6239017984976
ITAE,GA,S0,Normal,0.7331276348096615,0.7666666666666666,0.0,0.022585115859616423,24.977414884140376,4288.367714068953
ITAE,GA,S1,Mass+10%,0.823099084674635,0.8666666666666667,0.0,0.02422440401506165,24.97577559598494,4607.654801032076
ITAE,GA,S2,Mass-10%,0.6463921410862707,0.6833333333333333,0.0,0.020945827757433477,24.979054172242567,3970.682915074184
ITAE,GA,S3,Res+20%,0.761501680604928,0.8,0.0,0.025863692223747847,24.974136307776252,4907.721042422439
ITAE,GA,S4,Up Normal,1.5652555130358827,1.6333333333333333,0.0,0.0697793259319539,24.930220674068053,13300.362946509715
ITAE,GA,S5,Up Mass+,2.0300620526188404,2.1166666666666667,0.0,0.07613803920829199,24.9238619607917,14619.613089810828
ITAE,GA,S6,Up Mass-,1.2218495977646255,1.2833333333333332,0.0,0.06342061345679184,24.936579386543215,12033.524504422156
ITAE,GA,S7,Up Res+,1.6955930397317558,1.7666666666666666,0.0,0.073008096372007,24.926991903627993,13938.50327998785
ITAE,GA,S8,Down Normal,0.473693749229687,0.5,0.0,-0.025107139013034185,25.02510713901304,4736.757296282365
ITAE,GA,S9,Down Mass+,0.5104567922238523,0.5333333333333333,0.0,-0.02823707557007893,25.02823707557008,5327.7829996408345
ITAE,GA,S10,Down Mass-,0.4352158562324784,0.4666666666666667,0.0,-0.021977202261890483,25.021977202261883,4145.807780114232
ITAE,GA,S11,Down Res+,0.4854296106227016,0.5166666666666666,0.0,-0.021878374643680587,25.02187837464368,4131.009472688753
ITAE,HOA,S0,Normal,0.7331276348096615,0.7666666666666666,0.0,0.020264430066657013,24.97973556993335,3852.3654985678572
ITAE,HOA,S1,Mass+10%,0.823099084674635,0.8666666666666667,0.0,0.021735276567376616,24.97826472343262,4140.031611540503
ITAE,HOA,S2,Mass-10%,0.6463921410862707,0.6833333333333333,0.0,0.018793583604384878,24.981206416395615,3566.3048785675464
ITAE,HOA,S3,Res+20%,0.761501680604928,0.8,0.0,0.023206123106568555,24.976793876893428,4408.441199639256
ITAE,HOA,S4,Up Normal,1.5652555130358827,1.6333333333333333,0.0,0.06260929323276088,24.93739070676724,11954.396819046375
ITAE,HOA,S5,Up Mass+,2.0300620526188404,2.1166666666666667,0.0,0.06831462902153618,24.931685370978457,13151.991929477043
ITAE,HOA,S6,Up Mass-,1.2218495977646255,1.2833333333333332,0.0,0.05690395802270487,24.94309604197729,10809.723680957191
ITAE,HOA,S7,Up Res+,1.6955930397317558,1.7666666666666666,0.0,0.06550629752532089,24.934493702474672,12530.494068462987
ITAE,HOA,S8,Down Normal,0.473693749229687,0.5,0.0,-0.02252731014232623,25.02252731014233,4252.030036182586
ITAE,HOA,S9,Down Mass+,0.5104567922238523,0.5333333333333333,0.0,-0.025335637102845254,25.025335637102845,4782.640122882937
ITAE,HOA,S10,Down Mass-,0.4352158562324784,0.4666666666666667,0.0,-0.019718983041592253,25.0197189830416,3721.4975720532198
ITAE,HOA,S11,Down Res+,0.4854296106227016,0.5166666666666666,0.0,-0.019630310234809656,25.019630310234817,3708.6239017984976
ITAE,PSO,S0,Normal,0.7331276348096615,0.7666666666666666,0.0,0.020264430066657013,24.97973556993335,3852.3654985678572
ITAE,PSO,S1,Mass+10%,0.823099084674635,0.8666666666666667,0.0,0.021735276567376616,24.97826472343262,4140.031611540503
ITAE,PSO,S2,Mass-10%,0.6463921410862707,0.6833333333333333,0.0,0.018793583604384878,24.981206416395615,3566.3048785675464
ITAE,PSO,S3,Res+20%,0.761501680604928,0.8,0.0,0.023206123106568555,24.976793876893428,4408.441199639256
ITAE,PSO,S4,Up Normal,1.5652555130358827,1.6333333333333333,0.0,0.06260929323276088,24.93739070676724,11954.396819046375
ITAE,PSO,S5,Up Mass+,2.0300620526188404,2.1166666666666667,0.0,0.06831462902153618,24.931685370978457,13151.991929477043
ITAE,PSO,S6,Up Mass-,1.2218495977646255,1.2833333333333332,0.0,0.05690395802270487,24.94309604197729,10809.723680957191
ITAE,PSO,S7,Up Res+,1.6955930397317558,1.7666666666666666,0.0,0.06550629752532089,24.934493702474672,12530.494068462987
ITAE,PSO,S8,Down Normal,0.473693749229687,0.5,0.0,-0.02252731014232623,25.02252731014233,4252.030036182586
ITAE,PSO,S9,Down Mass+,0.5104567922238523,0.5333333333333333,0.0,-0.025335637102845254,25.025335637102845,4782.640122882937
ITAE,PSO,S10,Down Mass-,0.4352158562324784,0.4666666666666667,0.0,-0.019718983041592253,25.0197189830416,3721.4975720532198
ITAE,PSO,S11,Down Res+,0.4854296106227016,0.5166666666666666,0.0,-0.019630310234809656,25.019630310234817,3708.6239017984976
ITAE,SKA,S0,Normal,0.7331276348096615,0.7666666666666666,0.0,0.02026443006666767,24.97973556993334,3852.3654985698668
ITAE,SKA,S1,Mass+10%,0.823099084674635,0.8666666666666667,0.0,0.021735276567390827,24.97826472343261,4140.031611542504
ITAE,SKA,S2,Mass-10%,0.6463921410862707,0.6833333333333333,0.0,0.01879358360439909,24.981206416395608,3566.304878568882
ITAE,SKA,S3,Res+20%,0.761501680604928,0.8,0.0,0.02320612310658632,24.976793876893417,4408.441199641256
ITAE,SKA,S4,Up Normal,1.5652555130358827,1.6333333333333333,0.0,0.0626092932327964,24.937390706767207,11954.396819052376
ITAE,SKA,S5,Up Mass+,2.0300620526188404,2.1166666666666667,0.0,0.06831462902158236,24.931685370978425,13151.991929483043
ITAE,SKA,S6,Up Mass-,1.2218495977646255,1.2833333333333332,0.0,0.0569039580227404,24.943096041977267,10809.72368096186
ITAE,SKA,S7,Up Res+,1.6955930397317558,1.7666666666666666,0.0,0.06550629752535997,24.93449370247464,12530.494068468986
ITAE,SKA,S8,Down Normal,0.473693749229687,0.5,0.0,-0.022527310142336887,25.02252731014234,4252.030036184587
ITAE,SKA,S9,Down Mass+,0.5104567922238523,0.5333333333333333,0.0,-0.025335637102848807,25.025335637102856,4782.640122884943
ITAE,SKA,S10,Down Mass-,0.4352158562324784,0.4666666666666667,0.0,-0.019718983041606464,25.019718983041606,3721.4975720545544
ITAE,SKA,S11,Down Res+,0.4854296106227016,0.5166666666666666,0.0,-0.019630310234830972,25.019630310234827,3708.623901800504
IAE,KMA,S0,Normal,0.7331276348096615,0.7666666666666666,0.0,0.020264430066657013,24.97973556993335,273.41332077596036
IAE,KMA,S1,Mass+10%,0.823099084674635,0.8666666666666667,0.0,0.021735276567376616,24.97826472343262,299.80912115503025
IAE,KMA,S2,Mass-10%,0.6463921410862707,0.6833333333333333,0.0,0.018793583604384878,24.981206416395615,247.61363297458047
IAE,KMA,S3,Res+20%,0.761501680604928,0.8,0.0,0.023206123106568555,24.976793876893428,296.99890931450415
IAE,KMA,S4,Up Normal,1.5652555130358827,1.6333333333333333,0.0,0.06260929323276088,24.93739070676724,689.5082282441207
IAE,KMA,S5,Up Mass+,2.0300620526188404,2.1166666666666667,0.0,0.06831462902153618,24.931685370978457,810.1376276777581
IAE,KMA,S6,Up Mass-,1.2218495977646255,1.2833333333333332,0.0,0.05690395802270487,24.94309604197729,590.7380475480533
IAE,KMA,S7,Up Res+,1.6955930397317558,1.7666666666666666,0.0,0.06550629752532089,24.934493702474672,731.2006594508485
IAE,KMA,S8,Down Normal,0.473693749229687,0.5,0.0,-0.02252731014232623,25.02252731014233,237.4663544375305
IAE,KMA,S9,Down Mass+,0.5104567922238523,0.5333333333333333,0.0,-0.025335637102845254,25.025335637102845,261.9392771649789
IAE,KMA,S10,Down Mass-,0.4352158562324784,0.4666666666666667,0.0,-0.019718983041592253,25.0197189830416,212.6405432652682
IAE,KMA,S11,Down Res+,0.4854296106227016,0.5166666666666666,0.0,-0.019630310234809656,25.019630310234817,221.76821757597742
IAE,GA,S0,Normal,0.7331276348096615,0.7666666666666666,0.0,0.022585115859616423,24.977414884140376,287.7445455536118
IAE,GA,S1,Mass+10%,0.823099084674635,0.8666666666666667,0.0,0.02422440401506165,24.97577559598494,315.15255377070025
IAE,GA,S2,Mass-10%,0.6463921410862707,0.6833333333333333,0.0,0.020945827757433477,24.979054172242567,260.9321029677627
IAE,GA,S3,Res+20%,0.761501680604928,0.8,0.0,0.025863692223747847,24.974136307776252,313.39427582581664
IAE,GA,S4,Up Normal,1.5652555130358827,1.6333333333333333,0.0,0.0697793259319539,24.930220674068053,732.9859912063298
IAE,GA,S5,Up Mass+,2.0300620526188404,2.1166666666666667,0.0,0.07613803920829199,24.9238619607917,857.1240353116556
IAE,GA,S6,Up Mass-,1.2218495977646255,1.2833333333333332,0.0,0.06342061345679184,24.936579386543215,630.5380595915634
IAE,GA,S7,Up Res+,1.6955930397317558,1.7666666666666666,0.0,0.073008096372007,24.926991903627993,776.5719011114575
IAE,GA,S8,Down Normal,0.473693749229687,0.5,0.0,-0.025107139013034185,25.02510713901304,253.44961809944934
IAE,GA,S9,Down Mass+,0.5104567922238523,0.5333333333333333,0.0,-0.02823707557007893,25.02823707557008,279.89795500917563
IAE,GA,S10,Down Mass-,0.4352158562324784,0.4666666666666667,0.0,-0.021977202261890483,25.021977202261883,226.648388889914
IAE,GA,S11,Down Res+,0.4854296106227016,0.5166666666666666,0.0,-0.021878374643680587,25.02187837464368,235.68667509411162
IAE,HOA,S0,Normal,0.7331276348096615,0.7666666666666666,0.0,0.020495485309478312,24.97950451469052,274.83923889260166
IAE,HOA,S1,Mass+10%,0.823099084674635,0.8666666666666667,0.0,0.021983102423924095,24.97801689757607,301.3368379955604
IAE,HOA,S2,Mass-10%,0.6463921410862707,0.6833333333333333,0.0,0.019007868234822922,24.98099213176518,248.93971631247055
IAE,HOA,S3,Res+20%,0.761501680604928,0.8,0.0,0.023470719578181587,24.976529280421822,298.63081162412175
IAE,HOA,S4,Up Normal,1.5652555130358827,1.6333333333333333,0.0,0.06332316559342743,24.936676834406576,693.8369270199223
IAE,HOA,S5,Up Mass+,2.0300620526188404,2.1166666666666667,0.0,0.0690935538105073,24.930906446189486,814.8142118506754
IAE,HOA,S6,Up Mass-,1.2218495977646255,1.2833333333333332,0.0,0.0575527779750864,24.94244722202492,594.7008266359377
IAE,HOA,S7,Up Res+,1.6955930397317558,1.7666666666666666,0.0,0.06625320162356019,24.933746798376447,735.7181724836337
IAE,HOA,S8,Down Normal,0.473693749229687,0.5,0.0,-0.022784166568598607,25.022784166568595,239.05697585437483
IAE,HOA,S9,Down Mass+,0.5104567922238523,0.5333333333333333,0.0,-0.025624514062936754,25.025624514062933,263.72760393369305
IAE,HOA,S10,Down Mass-,0.4352158562324784,0.4666666666666667,0.0,-0.019943818929185397,25.01994381892919,214.0354190680017
IAE,HOA,S11,Down Res+,0.4854296106227016,0.5166666666666666,0.0,-0.019854135075224377,25.01985413507523,223.15404616549233
IAE,PSO,S0,Normal,0.7331276348096615,0.7666666666666666,0.0,0.020264430066657013,24.97973556993335,273.41332077596036
IAE,PSO,S1,Mass+10%,0.823099084674635,0.8666666666666667,0.0,0.021735276567376616,24.97826472343262,299.80912115503025
IAE,PSO,S2,Mass-10%,0.6463921410862707,0.6833333333333333,0.0,0.018793583604384878,24.981206416395615,247.61363297458047
IAE,PSO,S3,Res+20%,0.761501680604928,0.8,0.0,0.023206123106568555,24.976793876893428,296.99890931450415
IAE,PSO,S4,Up Normal,1.5652555130358827,1.6333333333333333,0.0,0.06260929323276088,24.93739070676724,689.5082282441207
IAE,PSO,S5,Up Mass+,2.0300620526188404,2.1166666666666667,0.0,0.06831462902153618,24.931685370978457,810.1376276777581
IAE,PSO,S6,Up Mass-,1.2218495977646255,1.2833333333333332,0.0,0.05690395802270487,24.94309604197729,590.7380475480533
IAE,PSO,S7,Up Res+,1.6955930397317558,1.7666666666666666,0.0,0.06550629752532089,24.934493702474672,731.2006594508485
IAE,PSO,S8,Down Normal,0.473693749229687,0.5,0.0,-0.02252731014232623,25.02252731014233,237.4663544375305
IAE,PSO,S9,Down Mass+,0.5104567922238523,0.5333333333333333,0.0,-0.025335637102845254,25.025335637102845,261.9392771649789
IAE,PSO,S10,Down Mass-,0.4352158562324784,0.4666666666666667,0.0,-0.019718983041592253,25.0197189830416,212.6405432652682
IAE,PSO,S11,Down Res+,0.4854296106227016,0.5166666666666666,0.0,-0.019630310234809656,25.019630310234817,221.76821757597742
IAE,SKA,S0,Normal,0.7331276348096615,0.7666666666666666,0.0,0.020264430066657013,24.97973556993335,273.41332077596036
IAE,SKA,S1,Mass+10%,0.823099084674635,0.8666666666666667,0.0,0.021735276567376616,24.97826472343262,299.80912115503025
IAE,SKA,S2,Mass-10%,0.6463921410862707,0.6833333333333333,0.0,0.018793583604384878,24.981206416395615,247.61363297458047
IAE,SKA,S3,Res+20%,0.761501680604928,0.8,0.0,0.023206123106568555,24.976793876893428,296.99890931450415
IAE,SKA,S4,Up Normal,1.5652555130358827,1.6333333333333333,0.0,0.06260929323276088,24.93739070676724,689.5082282441207
IAE,SKA,S5,Up Mass+,2.0300620526188404,2.1166666666666667,0.0,0.06831462902153618,24.931685370978457,810.1376276777581
IAE,SKA,S6,Up Mass-,1.2218495977646255,1.2833333333333332,0.0,0.05690395802270487,24.94309604197729,590.7380475480533
IAE,SKA,S7,Up Res+,1.6955930397317558,1.7666666666666666,0.0,0.06550629752532089,24.934493702474672,731.2006594508485
IAE,SKA,S8,Down Normal,0.473693749229687,0.5,0.0,-0.02252731014232623,25.02252731014233,237.4663544375305
IAE,SKA,S9,Down Mass+,0.5104567922238523,0.5333333333333333,0.0,-0.025335637102845254,25.025335637102845,261.9392771649789
IAE,SKA,S10,Down Mass-,0.4352158562324784,0.4666666666666667,0.0,-0.019718983041592253,25.0197189830416,212.6405432652682
IAE,SKA,S11,Down Res+,0.4854296106227016,0.5166666666666666,0.0,-0.019630310234809656,25.019630310234817,221.76821757597742
ISE,KMA,S0,Normal,0.7331276348096615,0.7666666666666666,0.0,0.020264430066660566,24.979735569933343,301.6020399902145
ISE,KMA,S1,Mass+10%,0.823099084674635,0.8666666666666667,0.0,0.021735276567387274,24.978264723432613,337.04740887151826
ISE,KMA,S2,Mass-10%,0.6463921410862707,0.6833333333333333,0.0,0.01879358360439909,24.981206416395608,267.44047850755084
ISE,KMA,S3,Res+20%,0.761501680604928,0.8,0.0,0.02320612310658632,24.97679387689342,313.4116266995428
ISE,KMA,S4,Up Normal,1.5652555130358827,1.6333333333333333,0.0,0.06260929323277864,24.937390706767218,644.7794019833459
ISE,KMA,S5,Up Mass+,2.0300620526188404,2.1166666666666667,0.0,0.06831462902156815,24.93168537097844,828.4278400755599
ISE,KMA,S6,Up Mass-,1.2218495977646255,1.2833333333333332,0.0,0.05690395802271908,24.943096041977274,507.91653338193066
ISE,KMA,S7,Up Res+,1.6955930397317558,1.7666666666666666,0.0,0.06550629752535642,24.93449370247465,697.137041905436
ISE,KMA,S8,Down Normal,0.473693749229687,0.5,0.0,-0.02252731014232978,25.022527310142337,201.28927472142752
ISE,KMA,S9,Down Mass+,0.5104567922238523,0.5333333333333333,0.0,-0.025335637102845254,25.025335637102852,216.48528029330362
ISE,KMA,S10,Down Mass-,0.4352158562324784,0.4666666666666667,0.0,-0.019718983041606464,25.019718983041603,185.5219177347827
ISE,KMA,S11,Down Res+,0.4854296106227016,0.5166666666666666,0.0,-0.01963031023482742,25.019630310234824,205.10216319479784
ISE,GA,S0,Normal,0.7331276348096615,0.7666666666666666,0.0,0.020597669787786543,24.97940233021221,301.68610485641716
ISE,GA,S1,Mass+10%,0.823099084674635,0.8666666666666667,0.0,0.02209270372780381,24.977907296272196,337.1440828487805
ISE,GA,S2,Mass-10%,0.6463921410862707,0.6833333333333333,0.0,0.019102635888163633,24.98089736411183,267.5130410925524
ISE,GA,S3,Res+20%,0.761501680604928,0.8,0.0,0.023587737708211876,24.97641226229179,313.5217966123407
ISE,GA,S4,Up Normal,1.5652555130358827,1.6333333333333333,0.0,0.0636388765689766,24.936361123431016,645.567614062258
ISE,GA,S5,Up Mass+,2.0300620526188404,2.1166666666666667,0.0,0.06943803430757,24.930561965692426,829.3570917022761
ISE,GA,S6,Up Mass-,1.2218495977646255,1.2833333333333332,0.0,0.05783971943814947,24.942160280561854,508.5723638388563
ISE,GA,S7,Up Res+,1.6955930397317558,1.7666666666666666,0.0,0.0665835209282406,24.933416479071767,697.9977144853875
ISE,GA,S8,Down Normal,0.473693749229687,0.5,0.0,-0.022897761651314852,25.022897761651315,201.3935208893226
ISE,GA,S9,Down Mass+,0.5104567922238523,0.5333333333333333,0.0,-0.025752270267496158,25.025752270267493,216.6170828624787
ISE,GA,S10,Down Mass-,0.4352158562324784,0.4666666666666667,0.0,-0.020043252887887775,25.020043252887888,185.60186552177385
ISE,GA,S11,Down Res+,0.4854296106227016,0.5166666666666666,0.0,-0.019953121897021475,25.01995312189703,205.1813008873035
ISE,HOA,S0,Normal,0.7331276348096615,0.7666666666666666,0.0,0.020264430066657013,24.97973556993335,301.6020399902145
ISE,HOA,S1,Mass+10%,0.823099084674635,0.8666666666666667,0.0,0.021735276567376616,24.97826472343262,337.0474088715182
ISE,HOA,S2,Mass-10%,0.6463921410862707,0.6833333333333333,0.0,0.018793583604384878,24.981206416395615,267.44047850755084
ISE,HOA,S3,Res+20%,0.761501680604928,0.8,0.0,0.023206123106568555,24.976793876893428,313.4116266995428
ISE,HOA,S4,Up Normal,1.5652555130358827,1.6333333333333333,0.0,0.06260929323276088,24.93739070676724,644.7794019833458
ISE,HOA,S5,Up Mass+,2.0300620526188404,2.1166666666666667,0.0,0.06831462902153618,24.931685370978457,828.4278400755595
ISE,HOA,S6,Up Mass-,1.2218495977646255,1.2833333333333332,0.0,0.05690395802270487,24.94309604197729,507.9165333819306
ISE,HOA,S7,Up Res+,1.6955930397317558,1.7666666666666666,0.0,0.06550629752532089,24.934493702474672,697.137041905436
ISE,HOA,S8,Down Normal,0.473693749229687,0.5,0.0,-0.02252731014232623,25.02252731014233,201.28927472142752
ISE,HOA,S9,Down Mass+,0.5104567922238523,0.5333333333333333,0.0,-0.025335637102845254,25.025335637102845,216.48528029330362
ISE,HOA,S10,Down Mass-,0.4352158562324784,0.4666666666666667,0.0,-0.019718983041592253,25.0197189830416,185.5219177347827
ISE,HOA,S11,Down Res+,0.4854296106227016,0.5166666666666666,0.0,-0.019630310234809656,25.019630310234817,205.10216319479784
ISE,PSO,S0,Normal,0.7331276348096615,0.7666666666666666,0.0,0.020264430066657013,24.97973556993335,301.6020399902145
ISE,PSO,S1,Mass+10%,0.823099084674635,0.8666666666666667,0.0,0.021735276567376616,24.97826472343262,337.0474088715182
ISE,PSO,S2,Mass-10%,0.6463921410862707,0.6833333333333333,0.0,0.018793583604384878,24.981206416395615,267.44047850755084
ISE,PSO,S3,Res+20%,0.761501680604928,0.8,0.0,0.023206123106568555,24.976793876893428,313.4116266995428
ISE,PSO,S4,Up Normal,1.5652555130358827,1.6333333333333333,0.0,0.06260929323276088,24.93739070676724,644.7794019833458
ISE,PSO,S5,Up Mass+,2.0300620526188404,2.1166666666666667,0.0,0.06831462902153618,24.931685370978457,828.4278400755595
ISE,PSO,S6,Up Mass-,1.2218495977646255,1.2833333333333332,0.0,0.05690395802270487,24.94309604197729,507.9165333819306
ISE,PSO,S7,Up Res+,1.6955930397317558,1.7666666666666666,0.0,0.06550629752532089,24.934493702474672,697.137041905436
ISE,PSO,S8,Down Normal,0.473693749229687,0.5,0.0,-0.02252731014232623,25.02252731014233,201.28927472142752
ISE,PSO,S9,Down Mass+,0.5104567922238523,0.5333333333333333,0.0,-0.025335637102845254,25.025335637102845,216.48528029330362
ISE,PSO,S10,Down Mass-,0.4352158562324784,0.4666666666666667,0.0,-0.019718983041592253,25.0197189830416,185.5219177347827
ISE,PSO,S11,Down Res+,0.4854296106227016,0.5166666666666666,0.0,-0.019630310234809656,25.019630310234817,205.10216319479784
ISE,SKA,S0,Normal,0.7331276348096615,0.7666666666666666,0.0,0.020264430066657013,24.97973556993335,301.6020399902145
ISE,SKA,S1,Mass+10%,0.823099084674635,0.8666666666666667,0.0,0.021735276567376616,24.97826472343262,337.0474088715182
ISE,SKA,S2,Mass-10%,0.6463921410862707,0.6833333333333333,0.0,0.018793583604384878,24.981206416395615,267.44047850755084
ISE,SKA,S3,Res+20%,0.761501680604928,0.8,0.0,0.023206123106568555,24.976793876893428,313.4116266995428
ISE,SKA,S4,Up Normal,1.5652555130358827,1.6333333333333333,0.0,0.06260929323276088,24.93739070676724,644.7794019833458
ISE,SKA,S5,Up Mass+,2.0300620526188404,2.1166666666666667,0.0,0.06831462902153618,24.931685370978457,828.4278400755595
ISE,SKA,S6,Up Mass-,1.2218495977646255,1.2833333333333332,0.0,0.05690395802270487,24.94309604197729,507.9165333819306
ISE,SKA,S7,Up Res+,1.6955930397317558,1.7666666666666666,0.0,0.06550629752532089,24.934493702474672,697.137041905436
ISE,SKA,S8,Down Normal,0.473693749229687,0.5,0.0,-0.02252731014232623,25.02252731014233,201.28927472142752
ISE,SKA,S9,Down Mass+,0.5104567922238523,0.5333333333333333,0.0,-0.025335637102845254,25.025335637102845,216.48528029330362
ISE,SKA,S10,Down Mass-,0.4352158562324784,0.4666666666666667,0.0,-0.019718983041592253,25.0197189830416,185.5219177347827
ISE,SKA,S11,Down Res+,0.4854296106227016,0.5166666666666666,0.0,-0.019630310234809656,25.019630310234817,205.10216319479784
ITSE,KMA,S0,Normal,0.7331276348096615,0.7666666666666666,0.0,0.020264430066657013,24.97973556993335,144.89533599580074
ITSE,KMA,S1,Mass+10%,0.823099084674635,0.8666666666666667,0.0,0.021735276567376616,24.97826472343262,173.8079138176404
ITSE,KMA,S2,Mass-10%,0.6463921410862707,0.6833333333333333,0.0,0.018793583604384878,24.981206416395615,119.2778069954125
ITSE,KMA,S3,Res+20%,0.761501680604928,0.8,0.0,0.023206123106568555,24.976793876893428,174.1506257532401
ITSE,KMA,S4,Up Normal,1.5652555130358827,1.6333333333333333,0.0,0.06260929323276088,24.93739070676724,1036.815164963233
ITSE,KMA,S5,Up Mass+,2.0300620526188404,2.1166666666666667,0.0,0.06831462902153618,24.931685370978457,1378.6058803728502
ITSE,KMA,S6,Up Mass-,1.2218495977646255,1.2833333333333332,0.0,0.05690395802270487,24.94309604197729,792.66343195676
ITSE,KMA,S7,Up Res+,1.6955930397317558,1.7666666666666666,0.0,0.06550629752532089,24.934493702474672,1157.7189131904604
ITSE,KMA,S8,Down Normal,0.473693749229687,0.5,0.0,-0.02252731014232623,25.02252731014233,124.24003485846642
ITSE,KMA,S9,Down Mass+,0.5104567922238523,0.5333333333333333,0.0,-0.025335637102845254,25.025335637102845,154.0255168031231
ITSE,KMA,S10,Down Mass-,0.4352158562324784,0.4666666666666667,0.0,-0.019718983041592253,25.0197189830416,97.55955677363968
ITSE,KMA,S11,Down Res+,0.4854296106227016,0.5166666666666666,0.0,-0.019630310234809656,25.019630310234817,102.699169685811
ITSE,GA,S0,Normal,0.7331276348096615,0.7666666666666666,0.0,0.020310064807059547,24.979689935192937,145.24320621003463
ITSE,GA,S1,Mass+10%,0.823099084674635,0.8666666666666667,0.0,0.021784223600526786,24.97821577639948,174.20811302593333
ITSE,GA,S2,Mass-10%,0.6463921410862707,0.6833333333333333,0.0,0.018835906052338203,24.981164093947665,119.57703980330089
ITSE,GA,S3,Res+20%,0.761501680604928,0.8,0.0,0.023258382432690183,24.976741617567306,174.60681509152064
ITSE,GA,S4,Up Normal,1.5652555130358827,1.6333333333333333,0.0,0.06275028713157127,24.93724971286842,1040.1331292070038
ITSE,GA,S5,Up Mass+,2.0300620526188404,2.1166666666666667,0.0,0.0684684711490462,24.931531528850957,1382.5533191689335
ITSE,GA,S6,Up Mass-,1.2218495977646255,1.2833333333333332,0.0,0.057032103696766256,24.94296789630324,795.4053420010775
ITSE,GA,S7,Up Res+,1.6955930397317558,1.7666666666666666,0.0,0.065653815382273,24.934346184617727,1161.3504451346973
ITSE,GA,S8,Down Normal,0.473693749229687,0.5,0.0,-0.022578040765512952,25.022578040765517,124.66997112706348
ITSE,GA,S9,Down Mass+,0.5104567922238523,0.5333333333333333,0.0,-0.025392691965869574,25.025392691965877,154.5693235386174
ITSE,GA,S10,Down Mass-,0.4352158562324784,0.4666666666666667,0.0,-0.019763389423989253,25.01976338942399,97.88898651886781
ITSE,GA,S11,Down Res+,0.4854296106227016,0.5166666666666666,0.0,-0.019674516929569563,25.01967451692957,103.02563516026461
ITSE,HOA,S0,Normal,0.7331276348096615,0.7666666666666666,0.0,0.020264430066657013,24.97973556993335,144.89533599580074
ITSE,HOA,S1,Mass+10%,0.823099084674635,0.8666666666666667,0.0,0.021735276567376616,24.97826472343262,173.8079138176404
ITSE,HOA,S2,Mass-10%,0.6463921410862707,0.6833333333333333,0.0,0.018793583604384878,24.981206416395615,119.2778069954125
ITSE,HOA,S3,Res+20%,0.761501680604928,0.8,0.0,0.023206123106568555,24.976793876893428,174.1506257532401
ITSE,HOA,S4,Up Normal,1.5652555130358827,1.6333333333333333,0.0,0.06260929323276088,24.93739070676724,1036.815164963233
ITSE,HOA,S5,Up Mass+,2.0300620526188404,2.1166666666666667,0.0,0.06831462902153618,24.931685370978457,1378.6058803728502
ITSE,HOA,S6,Up Mass-,1.2218495977646255,1.2833333333333332,0.0,0.05690395802270487,24.94309604197729,792.66343195676
ITSE,HOA,S7,Up Res+,1.6955930397317558,1.7666666666666666,0.0,0.06550629752532089,24.934493702474672,1157.7189131904604
ITSE,HOA,S8,Down Normal,0.473693749229687,0.5,0.0,-0.02252731014232623,25.02252731014233,124.24003485846642
ITSE,HOA,S9,Down Mass+,0.5104567922238523,0.5333333333333333,0.0,-0.025335637102845254,25.025335637102845,154.0255168031231
ITSE,HOA,S10,Down Mass-,0.4352158562324784,0.4666666666666667,0.0,-0.019718983041592253,25.0197189830416,97.55955677363968
ITSE,HOA,S11,Down Res+,0.4854296106227016,0.5166666666666666,0.0,-0.019630310234809656,25.019630310234817,102.699169685811
ITSE,PSO,S0,Normal,0.7331276348096615,0.7666666666666666,0.0,0.020264430066657013,24.97973556993335,144.89533599580074
ITSE,PSO,S1,Mass+10%,0.823099084674635,0.8666666666666667,0.0,0.021735276567376616,24.97826472343262,173.8079138176404
ITSE,PSO,S2,Mass-10%,0.6463921410862707,0.6833333333333333,0.0,0.018793583604384878,24.981206416395615,119.2778069954125
ITSE,PSO,S3,Res+20%,0.761501680604928,0.8,0.0,0.023206123106568555,24.976793876893428,174.1506257532401
ITSE,PSO,S4,Up Normal,1.5652555130358827,1.6333333333333333,0.0,0.06260929323276088,24.93739070676724,1036.815164963233
ITSE,PSO,S5,Up Mass+,2.0300620526188404,2.1166666666666667,0.0,0.06831462902153618,24.931685370978457,1378.6058803728502
ITSE,PSO,S6,Up Mass-,1.2218495977646255,1.2833333333333332,0.0,0.05690395802270487,24.94309604197729,792.66343195676
ITSE,PSO,S7,Up Res+,1.6955930397317558,1.7666666666666666,0.0,0.06550629752532089,24.934493702474672,1157.7189131904604
ITSE,PSO,S8,Down Normal,0.473693749229687,0.5,0.0,-0.02252731014232623,25.02252731014233,124.24003485846642
ITSE,PSO,S9,Down Mass+,0.5104567922238523,0.5333333333333333,0.0,-0.025335637102845254,25.025335637102845,154.0255168031231
ITSE,PSO,S10,Down Mass-,0.4352158562324784,0.4666666666666667,0.0,-0.019718983041592253,25.0197189830416,97.55955677363968
ITSE,PSO,S11,Down Res+,0.4854296106227016,0.5166666666666666,0.0,-0.019630310234809656,25.019630310234817,102.699169685811
ITSE,SKA,S0,Normal,0.7331276348096615,0.7666666666666666,0.0,0.020264430066657013,24.97973556993335,144.89533599580074
ITSE,SKA,S1,Mass+10%,0.823099084674635,0.8666666666666667,0.0,0.021735276567376616,24.97826472343262,173.8079138176404
ITSE,SKA,S2,Mass-10%,0.6463921410862707,0.6833333333333333,0.0,0.018793583604384878,24.981206416395615,119.2778069954125
ITSE,SKA,S3,Res+20%,0.761501680604928,0.8,0.0,0.023206123106568555,24.976793876893428,174.1506257532401
ITSE,SKA,S4,Up Normal,1.5652555130358827,1.6333333333333333,0.0,0.06260929323276088,24.93739070676724,1036.815164963233
ITSE,SKA,S5,Up Mass+,2.0300620526188404,2.1166666666666667,0.0,0.06831462902153618,24.931685370978457,1378.6058803728502
ITSE,SKA,S6,Up Mass-,1.2218495977646255,1.2833333333333332,0.0,0.05690395802270487,24.94309604197729,792.66343195676
ITSE,SKA,S7,Up Res+,1.6955930397317558,1.7666666666666666,0.0,0.06550629752532089,24.934493702474672,1157.7189131904604
ITSE,SKA,S8,Down Normal,0.473693749229687,0.5,0.0,-0.02252731014232623,25.02252731014233,124.24003485846642
ITSE,SKA,S9,Down Mass+,0.5104567922238523,0.5333333333333333,0.0,-0.025335637102845254,25.025335637102845,154.0255168031231
ITSE,SKA,S10,Down Mass-,0.4352158562324784,0.4666666666666667,0.0,-0.019718983041592253,25.0197189830416,97.55955677363968
ITSE,SKA,S11,Down Res+,0.4854296106227016,0.5166666666666666,0.0,-0.019630310234809656,25.019630310234817,102.699169685811
